Workbook

Sheet Template
A1: ID | B1: SAP-Nummer | C1: Teamcenter ID | D1: Benennung (EN) | E1: Benennung (DE) | F1: Abbildung | H1: Baugruppen-Klasse | I1: Konfidenz | J1: Zweitwahl (Falls erwogen) | K1: Ausschlaggebende Quelle | L1: Notiz
F2: Bild hier einfügen
F3: Bild hier einfügen
F4: Bild hier einfügen
F5: Bild hier einfügen
F6: Bild hier einfügen
F7: Bild hier einfügen
F8: Bild hier einfügen
F9: Bild hier einfügen
F10: Bild hier einfügen
F11: Bild hier einfügen
F12: Bild hier einfügen
F13: Bild hier einfügen
... F71: Bild hier einfügen

Sheet Listen
A1: Konfidenz
A2: Sicher
A3: Eher Sicher
A4: Eher Unsicher
A5: Unsicher

Sheet log
A1: Template-Zeile | B1: Objekt-ID | C1: TS1 Klasse (H) | D1: TS1 Konfidenz (I) | E1: TS1 Zweitwahl (J) | F1: TS1 Quelle (K) | G1: TS1 Notiz (L) | H1: Geleert Klasse (H) | I1: Geleert Konfidenz (I) | J1: Geleert Zweitwahl (J) | K1: Geleert Quelle (K) | L1: Geleert Notiz (L) | M1: TS2 Klasse (H) | N1: TS2 Konfidenz (I) | O1: TS2 Zweitwahl (J) | P1: TS2 Quelle (K) | Q1: TS2 Notiz (L) | R1: Klasse (H): Erster Wert | S1: Klasse (H): Letzte Änd. (Wert | TS) | T1: Klasse (H): Aktuell | U1: Konfidenz (I): Erster Wert | V1: Konfidenz (I): Letzte Änd. (Wert | TS) | W1: Konfidenz (I): Aktuell | X1: Zweitwahl (J): Erster Wert | Y1: Zweitwahl (J): Letzte Änd. (Wert | TS) | Z1: Zweitwahl (J): Aktuell | AA1: Quelle (K): Erster Wert | AB1: Quelle (K): Letzte Änd. (Wert | TS) | AC1: Quelle (K): Aktuell | AD1: Notiz (L): Erster Wert | AE1: Notiz (L): Letzte Änd. (Wert | TS) | AF1: Notiz (L): Aktuell
A2: 2 | B2: =Template!A2 -> 0 | C2: =IF(IFERROR(N(C2),0)>0,C2,IF(IFERROR(TRIM(INDEX(Template!$H:$H,$A2))<>"",TRUE()),NOW(),"")) | D2: =IF(IFERROR(N(D2),0)>0,D2,IF(IFERROR(TRIM(INDEX(Template!$I:$I,$A2))<>"",TRUE()),NOW(),"")) | E2: =IF(IFERROR(N(E2),0)>0,E2,IF(IFERROR(TRIM(INDEX(Template!$J:$J,$A2))<>"",TRUE()),NOW(),"")) | F2: =IF(IFERROR(N(F2),0)>0,F2,IF(IFERROR(TRIM(INDEX(Template!$K:$K,$A2))<>"",TRUE()),NOW(),"")) | G2: =IF(IFERROR(N(G2),0)>0,G2,IF(IFERROR(TRIM(INDEX(Template!$L:$L,$A2))<>"",TRUE()),NOW(),"")) | H2: =IF(IFERROR(N(H2),0)>0,H2,IF(AND(IFERROR(N(C2),0)>0,IFERROR(TRIM(INDEX(Template!$H:$H,$A2))="",FALSE())),NOW(),"")) | I2: =IF(IFERROR(N(I2),0)>0,I2,IF(AND(IFERROR(N(D2),0)>0,IFERROR(TRIM(INDEX(Template!$I:$I,$A2))="",FALSE())),NOW(),"")) | J2: =IF(IFERROR(N(J2),0)>0,J2,IF(AND(IFERROR(N(E2),0)>0,IFERROR(TRIM(INDEX(Template!$J:$J,$A2))="",FALSE())),NOW(),"")) | K2: =IF(IFERROR(N(K2),0)>0,K2,IF(AND(IFERROR(N(F2),0)>0,IFERROR(TRIM(INDEX(Template!$K:$K,$A2))="",FALSE())),NOW(),"")) | L2: =IF(IFERROR(N(L2),0)>0,L2,IF(AND(IFERROR(N(G2),0)>0,IFERROR(TRIM(INDEX(Template!$L:$L,$A2))="",FALSE())),NOW(),"")) | M2: =IF(IFERROR(N(M2),0)>0,M2,IF(AND(IFERROR(N(H2),0)>0,IFERROR(TRIM(INDEX(Template!$H:$H,$A2))<>"",TRUE())),NOW(),"")) | N2: =IF(IFERROR(N(N2),0)>0,N2,IF(AND(IFERROR(N(I2),0)>0,IFERROR(TRIM(INDEX(Template!$I:$I,$A2))<>"",TRUE())),NOW(),"")) | O2: =IF(IFERROR(N(O2),0)>0,O2,IF(AND(IFERROR(N(J2),0)>0,IFERROR(TRIM(INDEX(Template!$J:$J,$A2))<>"",TRUE())),NOW(),"")) | P2: =IF(IFERROR(N(P2),0)>0,P2,IF(AND(IFERROR(N(K2),0)>0,IFERROR(TRIM(INDEX(Template!$K:$K,$A2))<>"",TRUE())),NOW(),"")) | Q2: =IF(IFERROR(N(Q2),0)>0,Q2,IF(AND(IFERROR(N(L2),0)>0,IFERROR(TRIM(INDEX(Template!$L:$L,$A2))<>"",TRUE())),NOW(),"")) | R2: =IF(OR(R2="",R2=0),IF(IFERROR(""&TRIM(INDEX(Template!$H:$H,$A2)),"#FEHLER")<>"",IFERROR(""&TRIM(INDEX(Template!$H:$H,$A2)),"#FEHLER"),""),R2) -> #VALUE! | S2: =IF(IFERROR(LEFT(S2,FIND(" | ",S2)-1),"«")=IFERROR(""&TRIM(INDEX(Template!$H:$H,$A2)),"#FEHLER"),S2,IFERROR(""&TRIM(INDEX(Template!$H:$H,$A2)),"#FEHLER")&" | "&TEXT(NOW(),"DD.MM.YYYY hh:mm:ss")) -> | 04.09.2026 11:18:56 | T2: =IFERROR(""&TRIM(INDEX(Template!$H:$H,$A2)),"#FEHLER") | U2: =IF(OR(U2="",U2=0),IF(IFERROR(""&TRIM(INDEX(Template!$I:$I,$A2)),"#FEHLER")<>"",IFERROR(""&TRIM(INDEX(Template!$I:$I,$A2)),"#FEHLER"),""),U2) -> #VALUE! | V2: =IF(IFERROR(LEFT(V2,FIND(" | ",V2)-1),"«")=IFERROR(""&TRIM(INDEX(Template!$I:$I,$A2)),"#FEHLER"),V2,IFERROR(""&TRIM(INDEX(Template!$I:$I,$A2)),"#FEHLER")&" | "&TEXT(NOW(),"DD.MM.YYYY hh:mm:ss")) -> | 04.09.2026 11:18:56 | W2: =IFERROR(""&TRIM(INDEX(Template!$I:$I,$A2)),"#FEHLER") | X2: =IF(OR(X2="",X2=0),IF(IFERROR(""&TRIM(INDEX(Template!$J:$J,$A2)),"#FEHLER")<>"",IFERROR(""&TRIM(INDEX(Template!$J:$J,$A2)),"#FEHLER"),""),X2) -> #VALUE! | Y2: =IF(IFERROR(LEFT(Y2,FIND(" | ",Y2)-1),"«")=IFERROR(""&TRIM(INDEX(Template!$J:$J,$A2)),"#FEHLER"),Y2,IFERROR(""&TRIM(INDEX(Template!$J:$J,$A2)),"#FEHLER")&" | "&TEXT(NOW(),"DD.MM.YYYY hh:mm:ss")) -> | 04.09.2026 11:18:56 | Z2: =IFERROR(""&TRIM(INDEX(Template!$J:$J,$A2)),"#FEHLER") | AA2: =IF(OR(AA2="",AA2=0),IF(IFERROR(""&TRIM(INDEX(Template!$K:$K,$A2)),"#FEHLER")<>"",IFERROR(""&TRIM(INDEX(Template!$K:$K,$A2)),"#FEHLER"),""),AA2) -> #VALUE! | AB2: =IF(IFERROR(LEFT(AB2,FIND(" | ",AB2)-1),"«")=IFERROR(""&TRIM(INDEX(Template!$K:$K,$A2)),"#FEHLER"),AB2,IFERROR(""&TRIM(INDEX(Template!$K:$K,$A2)),"#FEHLER")&" | "&TEXT(NOW(),"DD.MM.YYYY hh:mm:ss")) -> | 04.09.2026 11:18:56 | AC2: =IFERROR(""&TRIM(INDEX(Template!$K:$K,$A2)),"#FEHLER") | AD2: =IF(OR(AD2="",AD2=0),IF(IFERROR(""&TRIM(INDEX(Template!$L:$L,$A2)),"#FEHLER")<>"",IFERROR(""&TRIM(INDEX(Template!$L:$L,$A2)),"#FEHLER"),""),AD2) -> #VALUE! | AE2: =IF(IFERROR(LEFT(AE2,FIND(" | ",AE2)-1),"«")=IFERROR(""&TRIM(INDEX(Template!$L:$L,$A2)),"#FEHLER"),AE2,IFERROR(""&TRIM(INDEX(Template!$L:$L,$A2)),"#FEHLER")&" | "&TEXT(NOW(),"DD.MM.YYYY hh:mm:ss")) -> | 04.09.2026 11:18:56 | AF2: =IFERROR(""&TRIM(INDEX(Template!$L:$L,$A2)),"#FEHLER")
A3: 3 | B3: =Template!A3 -> 0 | C3: =IF(IFERROR(N(C3),0)>0,C3,IF(IFERROR(TRIM(INDEX(Template!$H:$H,$A3))<>"",TRUE()),NOW(),"")) | D3: =IF(IFERROR(N(D3),0)>0,D3,IF(IFERROR(TRIM(INDEX(Template!$I:$I,$A3))<>"",TRUE()),NOW(),"")) | E3: =IF(IFERROR(N(E3),0)>0,E3,IF(IFERROR(TRIM(INDEX(Template!$J:$J,$A3))<>"",TRUE()),NOW(),"")) | F3: =IF(IFERROR(N(F3),0)>0,F3,IF(IFERROR(TRIM(INDEX(Template!$K:$K,$A3))<>"",TRUE()),NOW(),"")) | G3: =IF(IFERROR(N(G3),0)>0,G3,IF(IFERROR(TRIM(INDEX(Template!$L:$L,$A3))<>"",TRUE()),NOW(),"")) | H3: =IF(IFERROR(N(H3),0)>0,H3,IF(AND(IFERROR(N(C3),0)>0,IFERROR(TRIM(INDEX(Template!$H:$H,$A3))="",FALSE())),NOW(),"")) | I3: =IF(IFERROR(N(I3),0)>0,I3,IF(AND(IFERROR(N(D3),0)>0,IFERROR(TRIM(INDEX(Template!$I:$I,$A3))="",FALSE())),NOW(),"")) | J3: =IF(IFERROR(N(J3),0)>0,J3,IF(AND(IFERROR(N(E3),0)>0,IFERROR(TRIM(INDEX(Template!$J:$J,$A3))="",FALSE())),NOW(),"")) | K3: =IF(IFERROR(N(K3),0)>0,K3,IF(AND(IFERROR(N(F3),0)>0,IFERROR(TRIM(INDEX(Template!$K:$K,$A3))="",FALSE())),NOW(),"")) | L3: =IF(IFERROR(N(L3),0)>0,L3,IF(AND(IFERROR(N(G3),0)>0,IFERROR(TRIM(INDEX(Template!$L:$L,$A3))="",FALSE())),NOW(),"")) | M3: =IF(IFERROR(N(M3),0)>0,M3,IF(AND(IFERROR(N(H3),0)>0,IFERROR(TRIM(INDEX(Template!$H:$H,$A3))<>"",TRUE())),NOW(),"")) | N3: =IF(IFERROR(N(N3),0)>0,N3,IF(AND(IFERROR(N(I3),0)>0,IFERROR(TRIM(INDEX(Template!$I:$I,$A3))<>"",TRUE())),NOW(),"")) | O3: =IF(IFERROR(N(O3),0)>0,O3,IF(AND(IFERROR(N(J3),0)>0,IFERROR(TRIM(INDEX(Template!$J:$J,$A3))<>"",TRUE())),NOW(),"")) | P3: =IF(IFERROR(N(P3),0)>0,P3,IF(AND(IFERROR(N(K3),0)>0,IFERROR(TRIM(INDEX(Template!$K:$K,$A3))<>"",TRUE())),NOW(),"")) | Q3: =IF(IFERROR(N(Q3),0)>0,Q3,IF(AND(IFERROR(N(L3),0)>0,IFERROR(TRIM(INDEX(Template!$L:$L,$A3))<>"",TRUE())),NOW(),"")) | R3: =IF(OR(R3="",R3=0),IF(IFERROR(""&TRIM(INDEX(Template!$H:$H,$A3)),"#FEHLER")<>"",IFERROR(""&TRIM(INDEX(Template!$H:$H,$A3)),"#FEHLER"),""),R3) -> #VALUE! | S3: =IF(IFERROR(LEFT(S3,FIND(" | ",S3)-1),"«")=IFERROR(""&TRIM(INDEX(Template!$H:$H,$A3)),"#FEHLER"),S3,IFERROR(""&TRIM(INDEX(Template!$H:$H,$A3)),"#FEHLER")&" | "&TEXT(NOW(),"DD.MM.YYYY hh:mm:ss")) -> | 04.09.2026 11:18:56 | T3: =IFERROR(""&TRIM(INDEX(Template!$H:$H,$A3)),"#FEHLER") | U3: =IF(OR(U3="",U3=0),IF(IFERROR(""&TRIM(INDEX(Template!$I:$I,$A3)),"#FEHLER")<>"",IFERROR(""&TRIM(INDEX(Template!$I:$I,$A3)),"#FEHLER"),""),U3) -> #VALUE! | V3: =IF(IFERROR(LEFT(V3,FIND(" | ",V3)-1),"«")=IFERROR(""&TRIM(INDEX(Template!$I:$I,$A3)),"#FEHLER"),V3,IFERROR(""&TRIM(INDEX(Template!$I:$I,$A3)),"#FEHLER")&" | "&TEXT(NOW(),"DD.MM.YYYY hh:mm:ss")) -> | 04.09.2026 11:18:56 | W3: =IFERROR(""&TRIM(INDEX(Template!$I:$I,$A3)),"#FEHLER") | X3: =IF(OR(X3="",X3=0),IF(IFERROR(""&TRIM(INDEX(Template!$J:$J,$A3)),"#FEHLER")<>"",IFERROR(""&TRIM(INDEX(Template!$J:$J,$A3)),"#FEHLER"),""),X3) -> #VALUE! | Y3: =IF(IFERROR(LEFT(Y3,FIND(" | ",Y3)-1),"«")=IFERROR(""&TRIM(INDEX(Template!$J:$J,$A3)),"#FEHLER"),Y3,IFERROR(""&TRIM(INDEX(Template!$J:$J,$A3)),"#FEHLER")&" | "&TEXT(NOW(),"DD.MM.YYYY hh:mm:ss")) -> | 04.09.2026 11:18:56 | Z3: =IFERROR(""&TRIM(INDEX(Template!$J:$J,$A3)),"#FEHLER") | AA3: =IF(OR(AA3="",AA3=0),IF(IFERROR(""&TRIM(INDEX(Template!$K:$K,$A3)),"#FEHLER")<>"",IFERROR(""&TRIM(INDEX(Template!$K:$K,$A3)),"#FEHLER"),""),AA3) -> #VALUE! | AB3: =IF(IFERROR(LEFT(AB3,FIND(" | ",AB3)-1),"«")=IFERROR(""&TRIM(INDEX(Template!$K:$K,$A3)),"#FEHLER"),AB3,IFERROR(""&TRIM(INDEX(Template!$K:$K,$A3)),"#FEHLER")&" | "&TEXT(NOW(),"DD.MM.YYYY hh:mm:ss")) -> | 04.09.2026 11:18:56 | AC3: =IFERROR(""&TRIM(INDEX(Template!$K:$K,$A3)),"#FEHLER") | AD3: =IF(OR(AD3="",AD3=0),IF(IFERROR(""&TRIM(INDEX(Template!$L:$L,$A3)),"#FEHLER")<>"",IFERROR(""&TRIM(INDEX(Template!$L:$L,$A3)),"#FEHLER"),""),AD3) -> #VALUE! | AE3: =IF(IFERROR(LEFT(AE3,FIND(" | ",AE3)-1),"«")=IFERROR(""&TRIM(INDEX(Template!$L:$L,$A3)),"#FEHLER"),AE3,IFERROR(""&TRIM(INDEX(Template!$L:$L,$A3)),"#FEHLER")&" | "&TEXT(NOW(),"DD.MM.YYYY hh:mm:ss")) -> | 04.09.2026 11:18:56 | AF3: =IFERROR(""&TRIM(INDEX(Template!$L:$L,$A3)),"#FEHLER")
A4: 4 | B4: =Template!A4 -> 0 | C4: =IF(IFERROR(N(C4),0)>0,C4,IF(IFERROR(TRIM(INDEX(Template!$H:$H,$A4))<>"",TRUE()),NOW(),"")) | D4: =IF(IFERROR(N(D4),0)>0,D4,IF(IFERROR(TRIM(INDEX(Template!$I:$I,$A4))<>"",TRUE()),NOW(),"")) | E4: =IF(IFERROR(N(E4),0)>0,E4,IF(IFERROR(TRIM(INDEX(Template!$J:$J,$A4))<>"",TRUE()),NOW(),"")) | F4: =IF(IFERROR(N(F4),0)>0,F4,IF(IFERROR(TRIM(INDEX(Template!$K:$K,$A4))<>"",TRUE()),NOW(),"")) | G4: =IF(IFERROR(N(G4),0)>0,G4,IF(IFERROR(TRIM(INDEX(Template!$L:$L,$A4))<>"",TRUE()),NOW(),"")) | H4: =IF(IFERROR(N(H4),0)>0,H4,IF(AND(IFERROR(N(C4),0)>0,IFERROR(TRIM(INDEX(Template!$H:$H,$A4))="",FALSE())),NOW(),"")) | I4: =IF(IFERROR(N(I4),0)>0,I4,IF(AND(IFERROR(N(D4),0)>0,IFERROR(TRIM(INDEX(Template!$I:$I,$A4))="",FALSE())),NOW(),"")) | J4: =IF(IFERROR(N(J4),0)>0,J4,IF(AND(IFERROR(N(E4),0)>0,IFERROR(TRIM(INDEX(Template!$J:$J,$A4))="",FALSE())),NOW(),"")) | K4: =IF(IFERROR(N(K4),0)>0,K4,IF(AND(IFERROR(N(F4),0)>0,IFERROR(TRIM(INDEX(Template!$K:$K,$A4))="",FALSE())),NOW(),"")) | L4: =IF(IFERROR(N(L4),0)>0,L4,IF(AND(IFERROR(N(G4),0)>0,IFERROR(TRIM(INDEX(Template!$L:$L,$A4))="",FALSE())),NOW(),"")) | M4: =IF(IFERROR(N(M4),0)>0,M4,IF(AND(IFERROR(N(H4),0)>0,IFERROR(TRIM(INDEX(Template!$H:$H,$A4))<>"",TRUE())),NOW(),"")) | N4: =IF(IFERROR(N(N4),0)>0,N4,IF(AND(IFERROR(N(I4),0)>0,IFERROR(TRIM(INDEX(Template!$I:$I,$A4))<>"",TRUE())),NOW(),"")) | O4: =IF(IFERROR(N(O4),0)>0,O4,IF(AND(IFERROR(N(J4),0)>0,IFERROR(TRIM(INDEX(Template!$J:$J,$A4))<>"",TRUE())),NOW(),"")) | P4: =IF(IFERROR(N(P4),0)>0,P4,IF(AND(IFERROR(N(K4),0)>0,IFERROR(TRIM(INDEX(Template!$K:$K,$A4))<>"",TRUE())),NOW(),"")) | Q4: =IF(IFERROR(N(Q4),0)>0,Q4,IF(AND(IFERROR(N(L4),0)>0,IFERROR(TRIM(INDEX(Template!$L:$L,$A4))<>"",TRUE())),NOW(),"")) | R4: =IF(OR(R4="",R4=0),IF(IFERROR(""&TRIM(INDEX(Template!$H:$H,$A4)),"#FEHLER")<>"",IFERROR(""&TRIM(INDEX(Template!$H:$H,$A4)),"#FEHLER"),""),R4) -> #VALUE! | S4: =IF(IFERROR(LEFT(S4,FIND(" | ",S4)-1),"«")=IFERROR(""&TRIM(INDEX(Template!$H:$H,$A4)),"#FEHLER"),S4,IFERROR(""&TRIM(INDEX(Template!$H:$H,$A4)),"#FEHLER")&" | "&TEXT(NOW(),"DD.MM.YYYY hh:mm:ss")) -> | 04.09.2026 11:18:56 | T4: =IFERROR(""&TRIM(INDEX(Template!$H:$H,$A4)),"#FEHLER") | U4: =IF(OR(U4="",U4=0),IF(IFERROR(""&TRIM(INDEX(Template!$I:$I,$A4)),"#FEHLER")<>"",IFERROR(""&TRIM(INDEX(Template!$I:$I,$A4)),"#FEHLER"),""),U4) -> #VALUE! | V4: =IF(IFERROR(LEFT(V4,FIND(" | ",V4)-1),"«")=IFERROR(""&TRIM(INDEX(Template!$I:$I,$A4)),"#FEHLER"),V4,IFERROR(""&TRIM(INDEX(Template!$I:$I,$A4)),"#FEHLER")&" | "&TEXT(NOW(),"DD.MM.YYYY hh:mm:ss")) -> | 04.09.2026 11:18:56 | W4: =IFERROR(""&TRIM(INDEX(Template!$I:$I,$A4)),"#FEHLER") | X4: =IF(OR(X4="",X4=0),IF(IFERROR(""&TRIM(INDEX(Template!$J:$J,$A4)),"#FEHLER")<>"",IFERROR(""&TRIM(INDEX(Template!$J:$J,$A4)),"#FEHLER"),""),X4) -> #VALUE! | Y4: =IF(IFERROR(LEFT(Y4,FIND(" | ",Y4)-1),"«")=IFERROR(""&TRIM(INDEX(Template!$J:$J,$A4)),"#FEHLER"),Y4,IFERROR(""&TRIM(INDEX(Template!$J:$J,$A4)),"#FEHLER")&" | "&TEXT(NOW(),"DD.MM.YYYY hh:mm:ss")) -> | 04.09.2026 11:18:56 | Z4: =IFERROR(""&TRIM(INDEX(Template!$J:$J,$A4)),"#FEHLER") | AA4: =IF(OR(AA4="",AA4=0),IF(IFERROR(""&TRIM(INDEX(Template!$K:$K,$A4)),"#FEHLER")<>"",IFERROR(""&TRIM(INDEX(Template!$K:$K,$A4)),"#FEHLER"),""),AA4) -> #VALUE! | AB4: =IF(IFERROR(LEFT(AB4,FIND(" | ",AB4)-1),"«")=IFERROR(""&TRIM(INDEX(Template!$K:$K,$A4)),"#FEHLER"),AB4,IFERROR(""&TRIM(INDEX(Template!$K:$K,$A4)),"#FEHLER")&" | "&TEXT(NOW(),"DD.MM.YYYY hh:mm:ss")) -> | 04.09.2026 11:18:56 | AC4: =IFERROR(""&TRIM(INDEX(Template!$K:$K,$A4)),"#FEHLER") | AD4: =IF(OR(AD4="",AD4=0),IF(IFERROR(""&TRIM(INDEX(Template!$L:$L,$A4)),"#FEHLER")<>"",IFERROR(""&TRIM(INDEX(Template!$L:$L,$A4)),"#FEHLER"),""),AD4) -> #VALUE! | AE4: =IF(IFERROR(LEFT(AE4,FIND(" | ",AE4)-1),"«")=IFERROR(""&TRIM(INDEX(Template!$L:$L,$A4)),"#FEHLER"),AE4,IFERROR(""&TRIM(INDEX(Template!$L:$L,$A4)),"#FEHLER")&" | "&TEXT(NOW(),"DD.MM.YYYY hh:mm:ss")) -> | 04.09.2026 11:18:56 | AF4: =IFERROR(""&TRIM(INDEX(Template!$L:$L,$A4)),"#FEHLER")
A5: 5 | B5: =Template!A5 -> 0 | C5: =IF(IFERROR(N(C5),0)>0,C5,IF(IFERROR(TRIM(INDEX(Template!$H:$H,$A5))<>"",TRUE()),NOW(),"")) | D5: =IF(IFERROR(N(D5),0)>0,D5,IF(IFERROR(TRIM(INDEX(Template!$I:$I,$A5))<>"",TRUE()),NOW(),"")) | E5: =IF(IFERROR(N(E5),0)>0,E5,IF(IFERROR(TRIM(INDEX(Template!$J:$J,$A5))<>"",TRUE()),NOW(),"")) | F5: =IF(IFERROR(N(F5),0)>0,F5,IF(IFERROR(TRIM(INDEX(Template!$K:$K,$A5))<>"",TRUE()),NOW(),"")) | G5: =IF(IFERROR(N(G5),0)>0,G5,IF(IFERROR(TRIM(INDEX(Template!$L:$L,$A5))<>"",TRUE()),NOW(),"")) | H5: =IF(IFERROR(N(H5),0)>0,H5,IF(AND(IFERROR(N(C5),0)>0,IFERROR(TRIM(INDEX(Template!$H:$H,$A5))="",FALSE())),NOW(),"")) | I5: =IF(IFERROR(N(I5),0)>0,I5,IF(AND(IFERROR(N(D5),0)>0,IFERROR(TRIM(INDEX(Template!$I:$I,$A5))="",FALSE())),NOW(),"")) | J5: =IF(IFERROR(N(J5),0)>0,J5,IF(AND(IFERROR(N(E5),0)>0,IFERROR(TRIM(INDEX(Template!$J:$J,$A5))="",FALSE())),NOW(),"")) | K5: =IF(IFERROR(N(K5),0)>0,K5,IF(AND(IFERROR(N(F5),0)>0,IFERROR(TRIM(INDEX(Template!$K:$K,$A5))="",FALSE())),NOW(),"")) | L5: =IF(IFERROR(N(L5),0)>0,L5,IF(AND(IFERROR(N(G5),0)>0,IFERROR(TRIM(INDEX(Template!$L:$L,$A5))="",FALSE())),NOW(),"")) | M5: =IF(IFERROR(N(M5),0)>0,M5,IF(AND(IFERROR(N(H5),0)>0,IFERROR(TRIM(INDEX(Template!$H:$H,$A5))<>"",TRUE())),NOW(),"")) | N5: =IF(IFERROR(N(N5),0)>0,N5,IF(AND(IFERROR(N(I5),0)>0,IFERROR(TRIM(INDEX(Template!$I:$I,$A5))<>"",TRUE())),NOW(),"")) | O5: =IF(IFERROR(N(O5),0)>0,O5,IF(AND(IFERROR(N(J5),0)>0,IFERROR(TRIM(INDEX(Template!$J:$J,$A5))<>"",TRUE())),NOW(),"")) | P5: =IF(IFERROR(N(P5),0)>0,P5,IF(AND(IFERROR(N(K5),0)>0,IFERROR(TRIM(INDEX(Template!$K:$K,$A5))<>"",TRUE())),NOW(),"")) | Q5: =IF(IFERROR(N(Q5),0)>0,Q5,IF(AND(IFERROR(N(L5),0)>0,IFERROR(TRIM(INDEX(Template!$L:$L,$A5))<>"",TRUE())),NOW(),"")) | R5: =IF(OR(R5="",R5=0),IF(IFERROR(""&TRIM(INDEX(Template!$H:$H,$A5)),"#FEHLER")<>"",IFERROR(""&TRIM(INDEX(Template!$H:$H,$A5)),"#FEHLER"),""),R5) -> #VALUE! | S5: =IF(IFERROR(LEFT(S5,FIND(" | ",S5)-1),"«")=IFERROR(""&TRIM(INDEX(Template!$H:$H,$A5)),"#FEHLER"),S5,IFERROR(""&TRIM(INDEX(Template!$H:$H,$A5)),"#FEHLER")&" | "&TEXT(NOW(),"DD.MM.YYYY hh:mm:ss")) -> | 04.09.2026 11:18:56 | T5: =IFERROR(""&TRIM(INDEX(Template!$H:$H,$A5)),"#FEHLER") | U5: =IF(OR(U5="",U5=0),IF(IFERROR(""&TRIM(INDEX(Template!$I:$I,$A5)),"#FEHLER")<>"",IFERROR(""&TRIM(INDEX(Template!$I:$I,$A5)),"#FEHLER"),""),U5) -> #VALUE! | V5: =IF(IFERROR(LEFT(V5,FIND(" | ",V5)-1),"«")=IFERROR(""&TRIM(INDEX(Template!$I:$I,$A5)),"#FEHLER"),V5,IFERROR(""&TRIM(INDEX(Template!$I:$I,$A5)),"#FEHLER")&" | "&TEXT(NOW(),"DD.MM.YYYY hh:mm:ss")) -> | 04.09.2026 11:18:56 | W5: =IFERROR(""&TRIM(INDEX(Template!$I:$I,$A5)),"#FEHLER") | X5: =IF(OR(X5="",X5=0),IF(IFERROR(""&TRIM(INDEX(Template!$J:$J,$A5)),"#FEHLER")<>"",IFERROR(""&TRIM(INDEX(Template!$J:$J,$A5)),"#FEHLER"),""),X5) -> #VALUE! | Y5: =IF(IFERROR(LEFT(Y5,FIND(" | ",Y5)-1),"«")=IFERROR(""&TRIM(INDEX(Template!$J:$J,$A5)),"#FEHLER"),Y5,IFERROR(""&TRIM(INDEX(Template!$J:$J,$A5)),"#FEHLER")&" | "&TEXT(NOW(),"DD.MM.YYYY hh:mm:ss")) -> | 04.09.2026 11:18:56 | Z5: =IFERROR(""&TRIM(INDEX(Template!$J:$J,$A5)),"#FEHLER") | AA5: =IF(OR(AA5="",AA5=0),IF(IFERROR(""&TRIM(INDEX(Template!$K:$K,$A5)),"#FEHLER")<>"",IFERROR(""&TRIM(INDEX(Template!$K:$K,$A5)),"#FEHLER"),""),AA5) -> #VALUE! | AB5: =IF(IFERROR(LEFT(AB5,FIND(" | ",AB5)-1),"«")=IFERROR(""&TRIM(INDEX(Template!$K:$K,$A5)),"#FEHLER"),AB5,IFERROR(""&TRIM(INDEX(Template!$K:$K,$A5)),"#FEHLER")&" | "&TEXT(NOW(),"DD.MM.YYYY hh:mm:ss")) -> | 04.09.2026 11:18:56 | AC5: =IFERROR(""&TRIM(INDEX(Template!$K:$K,$A5)),"#FEHLER") | AD5: =IF(OR(AD5="",AD5=0),IF(IFERROR(""&TRIM(INDEX(Template!$L:$L,$A5)),"#FEHLER")<>"",IFERROR(""&TRIM(INDEX(Template!$L:$L,$A5)),"#FEHLER"),""),AD5) -> #VALUE! | AE5: =IF(IFERROR(LEFT(AE5,FIND(" | ",AE5)-1),"«")=IFERROR(""&TRIM(INDEX(Template!$L:$L,$A5)),"#FEHLER"),AE5,IFERROR(""&TRIM(INDEX(Template!$L:$L,$A5)),"#FEHLER")&" | "&TEXT(NOW(),"DD.MM.YYYY hh:mm:ss")) -> | 04.09.2026 11:18:56 | AF5: =IFERROR(""&TRIM(INDEX(Template!$L:$L,$A5)),"#FEHLER")
A6: 6 | B6: =Template!A6 -> 0 | C6: =IF(IFERROR(N(C6),0)>0,C6,IF(IFERROR(TRIM(INDEX(Template!$H:$H,$A6))<>"",TRUE()),NOW(),"")) | D6: =IF(IFERROR(N(D6),0)>0,D6,IF(IFERROR(TRIM(INDEX(Template!$I:$I,$A6))<>"",TRUE()),NOW(),"")) | E6: =IF(IFERROR(N(E6),0)>0,E6,IF(IFERROR(TRIM(INDEX(Template!$J:$J,$A6))<>"",TRUE()),NOW(),"")) | F6: =IF(IFERROR(N(F6),0)>0,F6,IF(IFERROR(TRIM(INDEX(Template!$K:$K,$A6))<>"",TRUE()),NOW(),"")) | G6: =IF(IFERROR(N(G6),0)>0,G6,IF(IFERROR(TRIM(INDEX(Template!$L:$L,$A6))<>"",TRUE()),NOW(),"")) | H6: =IF(IFERROR(N(H6),0)>0,H6,IF(AND(IFERROR(N(C6),0)>0,IFERROR(TRIM(INDEX(Template!$H:$H,$A6))="",FALSE())),NOW(),"")) | I6: =IF(IFERROR(N(I6),0)>0,I6,IF(AND(IFERROR(N(D6),0)>0,IFERROR(TRIM(INDEX(Template!$I:$I,$A6))="",FALSE())),NOW(),"")) | J6: =IF(IFERROR(N(J6),0)>0,J6,IF(AND(IFERROR(N(E6),0)>0,IFERROR(TRIM(INDEX(Template!$J:$J,$A6))="",FALSE())),NOW(),"")) | K6: =IF(IFERROR(N(K6),0)>0,K6,IF(AND(IFERROR(N(F6),0)>0,IFERROR(TRIM(INDEX(Template!$K:$K,$A6))="",FALSE())),NOW(),"")) | L6: =IF(IFERROR(N(L6),0)>0,L6,IF(AND(IFERROR(N(G6),0)>0,IFERROR(TRIM(INDEX(Template!$L:$L,$A6))="",FALSE())),NOW(),"")) | M6: =IF(IFERROR(N(M6),0)>0,M6,IF(AND(IFERROR(N(H6),0)>0,IFERROR(TRIM(INDEX(Template!$H:$H,$A6))<>"",TRUE())),NOW(),"")) | N6: =IF(IFERROR(N(N6),0)>0,N6,IF(AND(IFERROR(N(I6),0)>0,IFERROR(TRIM(INDEX(Template!$I:$I,$A6))<>"",TRUE())),NOW(),"")) | O6: =IF(IFERROR(N(O6),0)>0,O6,IF(AND(IFERROR(N(J6),0)>0,IFERROR(TRIM(INDEX(Template!$J:$J,$A6))<>"",TRUE())),NOW(),"")) | P6: =IF(IFERROR(N(P6),0)>0,P6,IF(AND(IFERROR(N(K6),0)>0,IFERROR(TRIM(INDEX(Template!$K:$K,$A6))<>"",TRUE())),NOW(),"")) | Q6: =IF(IFERROR(N(Q6),0)>0,Q6,IF(AND(IFERROR(N(L6),0)>0,IFERROR(TRIM(INDEX(Template!$L:$L,$A6))<>"",TRUE())),NOW(),"")) | R6: =IF(OR(R6="",R6=0),IF(IFERROR(""&TRIM(INDEX(Template!$H:$H,$A6)),"#FEHLER")<>"",IFERROR(""&TRIM(INDEX(Template!$H:$H,$A6)),"#FEHLER"),""),R6) -> #VALUE! | S6: =IF(IFERROR(LEFT(S6,FIND(" | ",S6)-1),"«")=IFERROR(""&TRIM(INDEX(Template!$H:$H,$A6)),"#FEHLER"),S6,IFERROR(""&TRIM(INDEX(Template!$H:$H,$A6)),"#FEHLER")&" | "&TEXT(NOW(),"DD.MM.YYYY hh:mm:ss")) -> | 04.09.2026 11:18:56 | T6: =IFERROR(""&TRIM(INDEX(Template!$H:$H,$A6)),"#FEHLER") | U6: =IF(OR(U6="",U6=0),IF(IFERROR(""&TRIM(INDEX(Template!$I:$I,$A6)),"#FEHLER")<>"",IFERROR(""&TRIM(INDEX(Template!$I:$I,$A6)),"#FEHLER"),""),U6) -> #VALUE! | V6: =IF(IFERROR(LEFT(V6,FIND(" | ",V6)-1),"«")=IFERROR(""&TRIM(INDEX(Template!$I:$I,$A6)),"#FEHLER"),V6,IFERROR(""&TRIM(INDEX(Template!$I:$I,$A6)),"#FEHLER")&" | "&TEXT(NOW(),"DD.MM.YYYY hh:mm:ss")) -> | 04.09.2026 11:18:56 | W6: =IFERROR(""&TRIM(INDEX(Template!$I:$I,$A6)),"#FEHLER") | X6: =IF(OR(X6="",X6=0),IF(IFERROR(""&TRIM(INDEX(Template!$J:$J,$A6)),"#FEHLER")<>"",IFERROR(""&TRIM(INDEX(Template!$J:$J,$A6)),"#FEHLER"),""),X6) -> #VALUE! | Y6: =IF(IFERROR(LEFT(Y6,FIND(" | ",Y6)-1),"«")=IFERROR(""&TRIM(INDEX(Template!$J:$J,$A6)),"#FEHLER"),Y6,IFERROR(""&TRIM(INDEX(Template!$J:$J,$A6)),"#FEHLER")&" | "&TEXT(NOW(),"DD.MM.YYYY hh:mm:ss")) -> | 04.09.2026 11:18:56 | Z6: =IFERROR(""&TRIM(INDEX(Template!$J:$J,$A6)),"#FEHLER") | AA6: =IF(OR(AA6="",AA6=0),IF(IFERROR(""&TRIM(INDEX(Template!$K:$K,$A6)),"#FEHLER")<>"",IFERROR(""&TRIM(INDEX(Template!$K:$K,$A6)),"#FEHLER"),""),AA6) -> #VALUE! | AB6: =IF(IFERROR(LEFT(AB6,FIND(" | ",AB6)-1),"«")=IFERROR(""&TRIM(INDEX(Template!$K:$K,$A6)),"#FEHLER"),AB6,IFERROR(""&TRIM(INDEX(Template!$K:$K,$A6)),"#FEHLER")&" | "&TEXT(NOW(),"DD.MM.YYYY hh:mm:ss")) -> | 04.09.2026 11:18:56 | AC6: =IFERROR(""&TRIM(INDEX(Template!$K:$K,$A6)),"#FEHLER") | AD6: =IF(OR(AD6="",AD6=0),IF(IFERROR(""&TRIM(INDEX(Template!$L:$L,$A6)),"#FEHLER")<>"",IFERROR(""&TRIM(INDEX(Template!$L:$L,$A6)),"#FEHLER"),""),AD6) -> #VALUE! | AE6: =IF(IFERROR(LEFT(AE6,FIND(" | ",AE6)-1),"«")=IFERROR(""&TRIM(INDEX(Template!$L:$L,$A6)),"#FEHLER"),AE6,IFERROR(""&TRIM(INDEX(Template!$L:$L,$A6)),"#FEHLER")&" | "&TEXT(NOW(),"DD.MM.YYYY hh:mm:ss")) -> | 04.09.2026 11:18:56 | AF6: =IFERROR(""&TRIM(INDEX(Template!$L:$L,$A6)),"#FEHLER")
A7: 7 | B7: =Template!A7 -> 0 | C7: =IF(IFERROR(N(C7),0)>0,C7,IF(IFERROR(TRIM(INDEX(Template!$H:$H,$A7))<>"",TRUE()),NOW(),"")) | D7: =IF(IFERROR(N(D7),0)>0,D7,IF(IFERROR(TRIM(INDEX(Template!$I:$I,$A7))<>"",TRUE()),NOW(),"")) | E7: =IF(IFERROR(N(E7),0)>0,E7,IF(IFERROR(TRIM(INDEX(Template!$J:$J,$A7))<>"",TRUE()),NOW(),"")) | F7: =IF(IFERROR(N(F7),0)>0,F7,IF(IFERROR(TRIM(INDEX(Template!$K:$K,$A7))<>"",TRUE()),NOW(),"")) | G7: =IF(IFERROR(N(G7),0)>0,G7,IF(IFERROR(TRIM(INDEX(Template!$L:$L,$A7))<>"",TRUE()),NOW(),"")) | H7: =IF(IFERROR(N(H7),0)>0,H7,IF(AND(IFERROR(N(C7),0)>0,IFERROR(TRIM(INDEX(Template!$H:$H,$A7))="",FALSE())),NOW(),"")) | I7: =IF(IFERROR(N(I7),0)>0,I7,IF(AND(IFERROR(N(D7),0)>0,IFERROR(TRIM(INDEX(Template!$I:$I,$A7))="",FALSE())),NOW(),"")) | J7: =IF(IFERROR(N(J7),0)>0,J7,IF(AND(IFERROR(N(E7),0)>0,IFERROR(TRIM(INDEX(Template!$J:$J,$A7))="",FALSE())),NOW(),"")) | K7: =IF(IFERROR(N(K7),0)>0,K7,IF(AND(IFERROR(N(F7),0)>0,IFERROR(TRIM(INDEX(Template!$K:$K,$A7))="",FALSE())),NOW(),"")) | L7: =IF(IFERROR(N(L7),0)>0,L7,IF(AND(IFERROR(N(G7),0)>0,IFERROR(TRIM(INDEX(Template!$L:$L,$A7))="",FALSE())),NOW(),"")) | M7: =IF(IFERROR(N(M7),0)>0,M7,IF(AND(IFERROR(N(H7),0)>0,IFERROR(TRIM(INDEX(Template!$H:$H,$A7))<>"",TRUE())),NOW(),"")) | N7: =IF(IFERROR(N(N7),0)>0,N7,IF(AND(IFERROR(N(I7),0)>0,IFERROR(TRIM(INDEX(Template!$I:$I,$A7))<>"",TRUE())),NOW(),"")) | O7: =IF(IFERROR(N(O7),0)>0,O7,IF(AND(IFERROR(N(J7),0)>0,IFERROR(TRIM(INDEX(Template!$J:$J,$A7))<>"",TRUE())),NOW(),"")) | P7: =IF(IFERROR(N(P7),0)>0,P7,IF(AND(IFERROR(N(K7),0)>0,IFERROR(TRIM(INDEX(Template!$K:$K,$A7))<>"",TRUE())),NOW(),"")) | Q7: =IF(IFERROR(N(Q7),0)>0,Q7,IF(AND(IFERROR(N(L7),0)>0,IFERROR(TRIM(INDEX(Template!$L:$L,$A7))<>"",TRUE())),NOW(),"")) | R7: =IF(OR(R7="",R7=0),IF(IFERROR(""&TRIM(INDEX(Template!$H:$H,$A7)),"#FEHLER")<>"",IFERROR(""&TRIM(INDEX(Template!$H:$H,$A7)),"#FEHLER"),""),R7) -> #VALUE! | S7: =IF(IFERROR(LEFT(S7,FIND(" | ",S7)-1),"«")=IFERROR(""&TRIM(INDEX(Template!$H:$H,$A7)),"#FEHLER"),S7,IFERROR(""&TRIM(INDEX(Template!$H:$H,$A7)),"#FEHLER")&" | "&TEXT(NOW(),"DD.MM.YYYY hh:mm:ss")) -> | 04.09.2026 11:18:56 | T7: =IFERROR(""&TRIM(INDEX(Template!$H:$H,$A7)),"#FEHLER") | U7: =IF(OR(U7="",U7=0),IF(IFERROR(""&TRIM(INDEX(Template!$I:$I,$A7)),"#FEHLER")<>"",IFERROR(""&TRIM(INDEX(Template!$I:$I,$A7)),"#FEHLER"),""),U7) -> #VALUE! | V7: =IF(IFERROR(LEFT(V7,FIND(" | ",V7)-1),"«")=IFERROR(""&TRIM(INDEX(Template!$I:$I,$A7)),"#FEHLER"),V7,IFERROR(""&TRIM(INDEX(Template!$I:$I,$A7)),"#FEHLER")&" | "&TEXT(NOW(),"DD.MM.YYYY hh:mm:ss")) -> | 04.09.2026 11:18:56 | W7: =IFERROR(""&TRIM(INDEX(Template!$I:$I,$A7)),"#FEHLER") | X7: =IF(OR(X7="",X7=0),IF(IFERROR(""&TRIM(INDEX(Template!$J:$J,$A7)),"#FEHLER")<>"",IFERROR(""&TRIM(INDEX(Template!$J:$J,$A7)),"#FEHLER"),""),X7) -> #VALUE! | Y7: =IF(IFERROR(LEFT(Y7,FIND(" | ",Y7)-1),"«")=IFERROR(""&TRIM(INDEX(Template!$J:$J,$A7)),"#FEHLER"),Y7,IFERROR(""&TRIM(INDEX(Template!$J:$J,$A7)),"#FEHLER")&" | "&TEXT(NOW(),"DD.MM.YYYY hh:mm:ss")) -> | 04.09.2026 11:18:56 | Z7: =IFERROR(""&TRIM(INDEX(Template!$J:$J,$A7)),"#FEHLER") | AA7: =IF(OR(AA7="",AA7=0),IF(IFERROR(""&TRIM(INDEX(Template!$K:$K,$A7)),"#FEHLER")<>"",IFERROR(""&TRIM(INDEX(Template!$K:$K,$A7)),"#FEHLER"),""),AA7) -> #VALUE! | AB7: =IF(IFERROR(LEFT(AB7,FIND(" | ",AB7)-1),"«")=IFERROR(""&TRIM(INDEX(Template!$K:$K,$A7)),"#FEHLER"),AB7,IFERROR(""&TRIM(INDEX(Template!$K:$K,$A7)),"#FEHLER")&" | "&TEXT(NOW(),"DD.MM.YYYY hh:mm:ss")) -> | 04.09.2026 11:18:56 | AC7: =IFERROR(""&TRIM(INDEX(Template!$K:$K,$A7)),"#FEHLER") | AD7: =IF(OR(AD7="",AD7=0),IF(IFERROR(""&TRIM(INDEX(Template!$L:$L,$A7)),"#FEHLER")<>"",IFERROR(""&TRIM(INDEX(Template!$L:$L,$A7)),"#FEHLER"),""),AD7) -> #VALUE! | AE7: =IF(IFERROR(LEFT(AE7,FIND(" | ",AE7)-1),"«")=IFERROR(""&TRIM(INDEX(Template!$L:$L,$A7)),"#FEHLER"),AE7,IFERROR(""&TRIM(INDEX(Template!$L:$L,$A7)),"#FEHLER")&" | "&TEXT(NOW(),"DD.MM.YYYY hh:mm:ss")) -> | 04.09.2026 11:18:56 | AF7: =IFERROR(""&TRIM(INDEX(Template!$L:$L,$A7)),"#FEHLER")
A8: 8 | B8: =Template!A8 -> 0 | C8: =IF(IFERROR(N(C8),0)>0,C8,IF(IFERROR(TRIM(INDEX(Template!$H:$H,$A8))<>"",TRUE()),NOW(),"")) | D8: =IF(IFERROR(N(D8),0)>0,D8,IF(IFERROR(TRIM(INDEX(Template!$I:$I,$A8))<>"",TRUE()),NOW(),"")) | E8: =IF(IFERROR(N(E8),0)>0,E8,IF(IFERROR(TRIM(INDEX(Template!$J:$J,$A8))<>"",TRUE()),NOW(),"")) | F8: =IF(IFERROR(N(F8),0)>0,F8,IF(IFERROR(TRIM(INDEX(Template!$K:$K,$A8))<>"",TRUE()),NOW(),"")) | G8: =IF(IFERROR(N(G8),0)>0,G8,IF(IFERROR(TRIM(INDEX(Template!$L:$L,$A8))<>"",TRUE()),NOW(),"")) | H8: =IF(IFERROR(N(H8),0)>0,H8,IF(AND(IFERROR(N(C8),0)>0,IFERROR(TRIM(INDEX(Template!$H:$H,$A8))="",FALSE())),NOW(),"")) | I8: =IF(IFERROR(N(I8),0)>0,I8,IF(AND(IFERROR(N(D8),0)>0,IFERROR(TRIM(INDEX(Template!$I:$I,$A8))="",FALSE())),NOW(),"")) | J8: =IF(IFERROR(N(J8),0)>0,J8,IF(AND(IFERROR(N(E8),0)>0,IFERROR(TRIM(INDEX(Template!$J:$J,$A8))="",FALSE())),NOW(),"")) | K8: =IF(IFERROR(N(K8),0)>0,K8,IF(AND(IFERROR(N(F8),0)>0,IFERROR(TRIM(INDEX(Template!$K:$K,$A8))="",FALSE())),NOW(),"")) | L8: =IF(IFERROR(N(L8),0)>0,L8,IF(AND(IFERROR(N(G8),0)>0,IFERROR(TRIM(INDEX(Template!$L:$L,$A8))="",FALSE())),NOW(),"")) | M8: =IF(IFERROR(N(M8),0)>0,M8,IF(AND(IFERROR(N(H8),0)>0,IFERROR(TRIM(INDEX(Template!$H:$H,$A8))<>"",TRUE())),NOW(),"")) | N8: =IF(IFERROR(N(N8),0)>0,N8,IF(AND(IFERROR(N(I8),0)>0,IFERROR(TRIM(INDEX(Template!$I:$I,$A8))<>"",TRUE())),NOW(),"")) | O8: =IF(IFERROR(N(O8),0)>0,O8,IF(AND(IFERROR(N(J8),0)>0,IFERROR(TRIM(INDEX(Template!$J:$J,$A8))<>"",TRUE())),NOW(),"")) | P8: =IF(IFERROR(N(P8),0)>0,P8,IF(AND(IFERROR(N(K8),0)>0,IFERROR(TRIM(INDEX(Template!$K:$K,$A8))<>"",TRUE())),NOW(),"")) | Q8: =IF(IFERROR(N(Q8),0)>0,Q8,IF(AND(IFERROR(N(L8),0)>0,IFERROR(TRIM(INDEX(Template!$L:$L,$A8))<>"",TRUE())),NOW(),"")) | R8: =IF(OR(R8="",R8=0),IF(IFERROR(""&TRIM(INDEX(Template!$H:$H,$A8)),"#FEHLER")<>"",IFERROR(""&TRIM(INDEX(Template!$H:$H,$A8)),"#FEHLER"),""),R8) -> #VALUE! | S8: =IF(IFERROR(LEFT(S8,FIND(" | ",S8)-1),"«")=IFERROR(""&TRIM(INDEX(Template!$H:$H,$A8)),"#FEHLER"),S8,IFERROR(""&TRIM(INDEX(Template!$H:$H,$A8)),"#FEHLER")&" | "&TEXT(NOW(),"DD.MM.YYYY hh:mm:ss")) -> | 04.09.2026 11:18:56 | T8: =IFERROR(""&TRIM(INDEX(Template!$H:$H,$A8)),"#FEHLER") | U8: =IF(OR(U8="",U8=0),IF(IFERROR(""&TRIM(INDEX(Template!$I:$I,$A8)),"#FEHLER")<>"",IFERROR(""&TRIM(INDEX(Template!$I:$I,$A8)),"#FEHLER"),""),U8) -> #VALUE! | V8: =IF(IFERROR(LEFT(V8,FIND(" | ",V8)-1),"«")=IFERROR(""&TRIM(INDEX(Template!$I:$I,$A8)),"#FEHLER"),V8,IFERROR(""&TRIM(INDEX(Template!$I:$I,$A8)),"#FEHLER")&" | "&TEXT(NOW(),"DD.MM.YYYY hh:mm:ss")) -> | 04.09.2026 11:18:56 | W8: =IFERROR(""&TRIM(INDEX(Template!$I:$I,$A8)),"#FEHLER") | X8: =IF(OR(X8="",X8=0),IF(IFERROR(""&TRIM(INDEX(Template!$J:$J,$A8)),"#FEHLER")<>"",IFERROR(""&TRIM(INDEX(Template!$J:$J,$A8)),"#FEHLER"),""),X8) -> #VALUE! | Y8: =IF(IFERROR(LEFT(Y8,FIND(" | ",Y8)-1),"«")=IFERROR(""&TRIM(INDEX(Template!$J:$J,$A8)),"#FEHLER"),Y8,IFERROR(""&TRIM(INDEX(Template!$J:$J,$A8)),"#FEHLER")&" | "&TEXT(NOW(),"DD.MM.YYYY hh:mm:ss")) -> | 04.09.2026 11:18:56 | Z8: =IFERROR(""&TRIM(INDEX(Template!$J:$J,$A8)),"#FEHLER") | AA8: =IF(OR(AA8="",AA8=0),IF(IFERROR(""&TRIM(INDEX(Template!$K:$K,$A8)),"#FEHLER")<>"",IFERROR(""&TRIM(INDEX(Template!$K:$K,$A8)),"#FEHLER"),""),AA8) -> #VALUE! | AB8: =IF(IFERROR(LEFT(AB8,FIND(" | ",AB8)-1),"«")=IFERROR(""&TRIM(INDEX(Template!$K:$K,$A8)),"#FEHLER"),AB8,IFERROR(""&TRIM(INDEX(Template!$K:$K,$A8)),"#FEHLER")&" | "&TEXT(NOW(),"DD.MM.YYYY hh:mm:ss")) -> | 04.09.2026 11:18:56 | AC8: =IFERROR(""&TRIM(INDEX(Template!$K:$K,$A8)),"#FEHLER") | AD8: =IF(OR(AD8="",AD8=0),IF(IFERROR(""&TRIM(INDEX(Template!$L:$L,$A8)),"#FEHLER")<>"",IFERROR(""&TRIM(INDEX(Template!$L:$L,$A8)),"#FEHLER"),""),AD8) -> #VALUE! | AE8: =IF(IFERROR(LEFT(AE8,FIND(" | ",AE8)-1),"«")=IFERROR(""&TRIM(INDEX(Template!$L:$L,$A8)),"#FEHLER"),AE8,IFERROR(""&TRIM(INDEX(Template!$L:$L,$A8)),"#FEHLER")&" | "&TEXT(NOW(),"DD.MM.YYYY hh:mm:ss")) -> | 04.09.2026 11:18:56 | AF8: =IFERROR(""&TRIM(INDEX(Template!$L:$L,$A8)),"#FEHLER")
A9: 9 | B9: =Template!A9 -> 0 | C9: =IF(IFERROR(N(C9),0)>0,C9,IF(IFERROR(TRIM(INDEX(Template!$H:$H,$A9))<>"",TRUE()),NOW(),"")) | D9: =IF(IFERROR(N(D9),0)>0,D9,IF(IFERROR(TRIM(INDEX(Template!$I:$I,$A9))<>"",TRUE()),NOW(),"")) | E9: =IF(IFERROR(N(E9),0)>0,E9,IF(IFERROR(TRIM(INDEX(Template!$J:$J,$A9))<>"",TRUE()),NOW(),"")) | F9: =IF(IFERROR(N(F9),0)>0,F9,IF(IFERROR(TRIM(INDEX(Template!$K:$K,$A9))<>"",TRUE()),NOW(),"")) | G9: =IF(IFERROR(N(G9),0)>0,G9,IF(IFERROR(TRIM(INDEX(Template!$L:$L,$A9))<>"",TRUE()),NOW(),"")) | H9: =IF(IFERROR(N(H9),0)>0,H9,IF(AND(IFERROR(N(C9),0)>0,IFERROR(TRIM(INDEX(Template!$H:$H,$A9))="",FALSE())),NOW(),"")) | I9: =IF(IFERROR(N(I9),0)>0,I9,IF(AND(IFERROR(N(D9),0)>0,IFERROR(TRIM(INDEX(Template!$I:$I,$A9))="",FALSE())),NOW(),"")) | J9: =IF(IFERROR(N(J9),0)>0,J9,IF(AND(IFERROR(N(E9),0)>0,IFERROR(TRIM(INDEX(Template!$J:$J,$A9))="",FALSE())),NOW(),"")) | K9: =IF(IFERROR(N(K9),0)>0,K9,IF(AND(IFERROR(N(F9),0)>0,IFERROR(TRIM(INDEX(Template!$K:$K,$A9))="",FALSE())),NOW(),"")) | L9: =IF(IFERROR(N(L9),0)>0,L9,IF(AND(IFERROR(N(G9),0)>0,IFERROR(TRIM(INDEX(Template!$L:$L,$A9))="",FALSE())),NOW(),"")) | M9: =IF(IFERROR(N(M9),0)>0,M9,IF(AND(IFERROR(N(H9),0)>0,IFERROR(TRIM(INDEX(Template!$H:$H,$A9))<>"",TRUE())),NOW(),"")) | N9: =IF(IFERROR(N(N9),0)>0,N9,IF(AND(IFERROR(N(I9),0)>0,IFERROR(TRIM(INDEX(Template!$I:$I,$A9))<>"",TRUE())),NOW(),"")) | O9: =IF(IFERROR(N(O9),0)>0,O9,IF(AND(IFERROR(N(J9),0)>0,IFERROR(TRIM(INDEX(Template!$J:$J,$A9))<>"",TRUE())),NOW(),"")) | P9: =IF(IFERROR(N(P9),0)>0,P9,IF(AND(IFERROR(N(K9),0)>0,IFERROR(TRIM(INDEX(Template!$K:$K,$A9))<>"",TRUE())),NOW(),"")) | Q9: =IF(IFERROR(N(Q9),0)>0,Q9,IF(AND(IFERROR(N(L9),0)>0,IFERROR(TRIM(INDEX(Template!$L:$L,$A9))<>"",TRUE())),NOW(),"")) | R9: =IF(OR(R9="",R9=0),IF(IFERROR(""&TRIM(INDEX(Template!$H:$H,$A9)),"#FEHLER")<>"",IFERROR(""&TRIM(INDEX(Template!$H:$H,$A9)),"#FEHLER"),""),R9) -> #VALUE! | S9: =IF(IFERROR(LEFT(S9,FIND(" | ",S9)-1),"«")=IFERROR(""&TRIM(INDEX(Template!$H:$H,$A9)),"#FEHLER"),S9,IFERROR(""&TRIM(INDEX(Template!$H:$H,$A9)),"#FEHLER")&" | "&TEXT(NOW(),"DD.MM.YYYY hh:mm:ss")) -> | 04.09.2026 11:18:56 | T9: =IFERROR(""&TRIM(INDEX(Template!$H:$H,$A9)),"#FEHLER") | U9: =IF(OR(U9="",U9=0),IF(IFERROR(""&TRIM(INDEX(Template!$I:$I,$A9)),"#FEHLER")<>"",IFERROR(""&TRIM(INDEX(Template!$I:$I,$A9)),"#FEHLER"),""),U9) -> #VALUE! | V9: =IF(IFERROR(LEFT(V9,FIND(" | ",V9)-1),"«")=IFERROR(""&TRIM(INDEX(Template!$I:$I,$A9)),"#FEHLER"),V9,IFERROR(""&TRIM(INDEX(Template!$I:$I,$A9)),"#FEHLER")&" | "&TEXT(NOW(),"DD.MM.YYYY hh:mm:ss")) -> | 04.09.2026 11:18:56 | W9: =IFERROR(""&TRIM(INDEX(Template!$I:$I,$A9)),"#FEHLER") | X9: =IF(OR(X9="",X9=0),IF(IFERROR(""&TRIM(INDEX(Template!$J:$J,$A9)),"#FEHLER")<>"",IFERROR(""&TRIM(INDEX(Template!$J:$J,$A9)),"#FEHLER"),""),X9) -> #VALUE! | Y9: =IF(IFERROR(LEFT(Y9,FIND(" | ",Y9)-1),"«")=IFERROR(""&TRIM(INDEX(Template!$J:$J,$A9)),"#FEHLER"),Y9,IFERROR(""&TRIM(INDEX(Template!$J:$J,$A9)),"#FEHLER")&" | "&TEXT(NOW(),"DD.MM.YYYY hh:mm:ss")) -> | 04.09.2026 11:18:56 | Z9: =IFERROR(""&TRIM(INDEX(Template!$J:$J,$A9)),"#FEHLER") | AA9: =IF(OR(AA9="",AA9=0),IF(IFERROR(""&TRIM(INDEX(Template!$K:$K,$A9)),"#FEHLER")<>"",IFERROR(""&TRIM(INDEX(Template!$K:$K,$A9)),"#FEHLER"),""),AA9) -> #VALUE! | AB9: =IF(IFERROR(LEFT(AB9,FIND(" | ",AB9)-1),"«")=IFERROR(""&TRIM(INDEX(Template!$K:$K,$A9)),"#FEHLER"),AB9,IFERROR(""&TRIM(INDEX(Template!$K:$K,$A9)),"#FEHLER")&" | "&TEXT(NOW(),"DD.MM.YYYY hh:mm:ss")) -> | 04.09.2026 11:18:56 | AC9: =IFERROR(""&TRIM(INDEX(Template!$K:$K,$A9)),"#FEHLER") | AD9: =IF(OR(AD9="",AD9=0),IF(IFERROR(""&TRIM(INDEX(Template!$L:$L,$A9)),"#FEHLER")<>"",IFERROR(""&TRIM(INDEX(Template!$L:$L,$A9)),"#FEHLER"),""),AD9) -> #VALUE! | AE9: =IF(IFERROR(LEFT(AE9,FIND(" | ",AE9)-1),"«")=IFERROR(""&TRIM(INDEX(Template!$L:$L,$A9)),"#FEHLER"),AE9,IFERROR(""&TRIM(INDEX(Template!$L:$L,$A9)),"#FEHLER")&" | "&TEXT(NOW(),"DD.MM.YYYY hh:mm:ss")) -> | 04.09.2026 11:18:56 | AF9: =IFERROR(""&TRIM(INDEX(Template!$L:$L,$A9)),"#FEHLER")
A10: 10 | B10: =Template!A10 -> 0 | C10: =IF(IFERROR(N(C10),0)>0,C10,IF(IFERROR(TRIM(INDEX(Template!$H:$H,$A10))<>"",TRUE()),NOW(),"")) | D10: =IF(IFERROR(N(D10),0)>0,D10,IF(IFERROR(TRIM(INDEX(Template!$I:$I,$A10))<>"",TRUE()),NOW(),"")) | E10: =IF(IFERROR(N(E10),0)>0,E10,IF(IFERROR(TRIM(INDEX(Template!$J:$J,$A10))<>"",TRUE()),NOW(),"")) | F10: =IF(IFERROR(N(F10),0)>0,F10,IF(IFERROR(TRIM(INDEX(Template!$K:$K,$A10))<>"",TRUE()),NOW(),"")) | G10: =IF(IFERROR(N(G10),0)>0,G10,IF(IFERROR(TRIM(INDEX(Template!$L:$L,$A10))<>"",TRUE()),NOW(),"")) | H10: =IF(IFERROR(N(H10),0)>0,H10,IF(AND(IFERROR(N(C10),0)>0,IFERROR(TRIM(INDEX(Template!$H:$H,$A10))="",FALSE())),NOW(),"")) | I10: =IF(IFERROR(N(I10),0)>0,I10,IF(AND(IFERROR(N(D10),0)>0,IFERROR(TRIM(INDEX(Template!$I:$I,$A10))="",FALSE())),NOW(),"")) | J10: =IF(IFERROR(N(J10),0)>0,J10,IF(AND(IFERROR(N(E10),0)>0,IFERROR(TRIM(INDEX(Template!$J:$J,$A10))="",FALSE())),NOW(),"")) | K10: =IF(IFERROR(N(K10),0)>0,K10,IF(AND(IFERROR(N(F10),0)>0,IFERROR(TRIM(INDEX(Template!$K:$K,$A10))="",FALSE())),NOW(),"")) | L10: =IF(IFERROR(N(L10),0)>0,L10,IF(AND(IFERROR(N(G10),0)>0,IFERROR(TRIM(INDEX(Template!$L:$L,$A10))="",FALSE())),NOW(),"")) | M10: =IF(IFERROR(N(M10),0)>0,M10,IF(AND(IFERROR(N(H10),0)>0,IFERROR(TRIM(INDEX(Template!$H:$H,$A10))<>"",TRUE())),NOW(),"")) | N10: =IF(IFERROR(N(N10),0)>0,N10,IF(AND(IFERROR(N(I10),0)>0,IFERROR(TRIM(INDEX(Template!$I:$I,$A10))<>"",TRUE())),NOW(),"")) | O10: =IF(IFERROR(N(O10),0)>0,O10,IF(AND(IFERROR(N(J10),0)>0,IFERROR(TRIM(INDEX(Template!$J:$J,$A10))<>"",TRUE())),NOW(),"")) | P10: =IF(IFERROR(N(P10),0)>0,P10,IF(AND(IFERROR(N(K10),0)>0,IFERROR(TRIM(INDEX(Template!$K:$K,$A10))<>"",TRUE())),NOW(),"")) | Q10: =IF(IFERROR(N(Q10),0)>0,Q10,IF(AND(IFERROR(N(L10),0)>0,IFERROR(TRIM(INDEX(Template!$L:$L,$A10))<>"",TRUE())),NOW(),"")) | R10: =IF(OR(R10="",R10=0),IF(IFERROR(""&TRIM(INDEX(Template!$H:$H,$A10)),"#FEHLER")<>"",IFERROR(""&TRIM(INDEX(Template!$H:$H,$A10)),"#FEHLER"),""),R10) -> #VALUE! | S10: =IF(IFERROR(LEFT(S10,FIND(" | ",S10)-1),"«")=IFERROR(""&TRIM(INDEX(Template!$H:$H,$A10)),"#FEHLER"),S10,IFERROR(""&TRIM(INDEX(Template!$H:$H,$A10)),"#FEHLER")&" | "&TEXT(NOW(),"DD.MM.YYYY hh:mm:ss")) -> | 04.09.2026 11:18:56 | T10: =IFERROR(""&TRIM(INDEX(Template!$H:$H,$A10)),"#FEHLER") | U10: =IF(OR(U10="",U10=0),IF(IFERROR(""&TRIM(INDEX(Template!$I:$I,$A10)),"#FEHLER")<>"",IFERROR(""&TRIM(INDEX(Template!$I:$I,$A10)),"#FEHLER"),""),U10) -> #VALUE! | V10: =IF(IFERROR(LEFT(V10,FIND(" | ",V10)-1),"«")=IFERROR(""&TRIM(INDEX(Template!$I:$I,$A10)),"#FEHLER"),V10,IFERROR(""&TRIM(INDEX(Template!$I:$I,$A10)),"#FEHLER")&" | "&TEXT(NOW(),"DD.MM.YYYY hh:mm:ss")) -> | 04.09.2026 11:18:56 | W10: =IFERROR(""&TRIM(INDEX(Template!$I:$I,$A10)),"#FEHLER") | X10: =IF(OR(X10="",X10=0),IF(IFERROR(""&TRIM(INDEX(Template!$J:$J,$A10)),"#FEHLER")<>"",IFERROR(""&TRIM(INDEX(Template!$J:$J,$A10)),"#FEHLER"),""),X10) -> #VALUE! | Y10: =IF(IFERROR(LEFT(Y10,FIND(" | ",Y10)-1),"«")=IFERROR(""&TRIM(INDEX(Template!$J:$J,$A10)),"#FEHLER"),Y10,IFERROR(""&TRIM(INDEX(Template!$J:$J,$A10)),"#FEHLER")&" | "&TEXT(NOW(),"DD.MM.YYYY hh:mm:ss")) -> | 04.09.2026 11:18:56 | Z10: =IFERROR(""&TRIM(INDEX(Template!$J:$J,$A10)),"#FEHLER") | AA10: =IF(OR(AA10="",AA10=0),IF(IFERROR(""&TRIM(INDEX(Template!$K:$K,$A10)),"#FEHLER")<>"",IFERROR(""&TRIM(INDEX(Template!$K:$K,$A10)),"#FEHLER"),""),AA10) -> #VALUE! | AB10: =IF(IFERROR(LEFT(AB10,FIND(" | ",AB10)-1),"«")=IFERROR(""&TRIM(INDEX(Template!$K:$K,$A10)),"#FEHLER"),AB10,IFERROR(""&TRIM(INDEX(Template!$K:$K,$A10)),"#FEHLER")&" | "&TEXT(NOW(),"DD.MM.YYYY hh:mm:ss")) -> | 04.09.2026 11:18:56 | AC10: =IFERROR(""&TRIM(INDEX(Template!$K:$K,$A10)),"#FEHLER") | AD10: =IF(OR(AD10="",AD10=0),IF(IFERROR(""&TRIM(INDEX(Template!$L:$L,$A10)),"#FEHLER")<>"",IFERROR(""&TRIM(INDEX(Template!$L:$L,$A10)),"#FEHLER"),""),AD10) -> #VALUE! | AE10: =IF(IFERROR(LEFT(AE10,FIND(" | ",AE10)-1),"«")=IFERROR(""&TRIM(INDEX(Template!$L:$L,$A10)),"#FEHLER"),AE10,IFERROR(""&TRIM(INDEX(Template!$L:$L,$A10)),"#FEHLER")&" | "&TEXT(NOW(),"DD.MM.YYYY hh:mm:ss")) -> | 04.09.2026 11:18:56 | AF10: =IFERROR(""&TRIM(INDEX(Template!$L:$L,$A10)),"#FEHLER")
A11: 11 | B11: =Template!A11 -> 0 | C11: =IF(IFERROR(N(C11),0)>0,C11,IF(IFERROR(TRIM(INDEX(Template!$H:$H,$A11))<>"",TRUE()),NOW(),"")) | D11: =IF(IFERROR(N(D11),0)>0,D11,IF(IFERROR(TRIM(INDEX(Template!$I:$I,$A11))<>"",TRUE()),NOW(),"")) | E11: =IF(IFERROR(N(E11),0)>0,E11,IF(IFERROR(TRIM(INDEX(Template!$J:$J,$A11))<>"",TRUE()),NOW(),"")) | F11: =IF(IFERROR(N(F11),0)>0,F11,IF(IFERROR(TRIM(INDEX(Template!$K:$K,$A11))<>"",TRUE()),NOW(),"")) | G11: =IF(IFERROR(N(G11),0)>0,G11,IF(IFERROR(TRIM(INDEX(Template!$L:$L,$A11))<>"",TRUE()),NOW(),"")) | H11: =IF(IFERROR(N(H11),0)>0,H11,IF(AND(IFERROR(N(C11),0)>0,IFERROR(TRIM(INDEX(Template!$H:$H,$A11))="",FALSE())),NOW(),"")) | I11: =IF(IFERROR(N(I11),0)>0,I11,IF(AND(IFERROR(N(D11),0)>0,IFERROR(TRIM(INDEX(Template!$I:$I,$A11))="",FALSE())),NOW(),"")) | J11: =IF(IFERROR(N(J11),0)>0,J11,IF(AND(IFERROR(N(E11),0)>0,IFERROR(TRIM(INDEX(Template!$J:$J,$A11))="",FALSE())),NOW(),"")) | K11: =IF(IFERROR(N(K11),0)>0,K11,IF(AND(IFERROR(N(F11),0)>0,IFERROR(TRIM(INDEX(Template!$K:$K,$A11))="",FALSE())),NOW(),"")) | L11: =IF(IFERROR(N(L11),0)>0,L11,IF(AND(IFERROR(N(G11),0)>0,IFERROR(TRIM(INDEX(Template!$L:$L,$A11))="",FALSE())),NOW(),"")) | M11: =IF(IFERROR(N(M11),0)>0,M11,IF(AND(IFERROR(N(H11),0)>0,IFERROR(TRIM(INDEX(Template!$H:$H,$A11))<>"",TRUE())),NOW(),"")) | N11: =IF(IFERROR(N(N11),0)>0,N11,IF(AND(IFERROR(N(I11),0)>0,IFERROR(TRIM(INDEX(Template!$I:$I,$A11))<>"",TRUE())),NOW(),"")) | O11: =IF(IFERROR(N(O11),0)>0,O11,IF(AND(IFERROR(N(J11),0)>0,IFERROR(TRIM(INDEX(Template!$J:$J,$A11))<>"",TRUE())),NOW(),"")) | P11: =IF(IFERROR(N(P11),0)>0,P11,IF(AND(IFERROR(N(K11),0)>0,IFERROR(TRIM(INDEX(Template!$K:$K,$A11))<>"",TRUE())),NOW(),"")) | Q11: =IF(IFERROR(N(Q11),0)>0,Q11,IF(AND(IFERROR(N(L11),0)>0,IFERROR(TRIM(INDEX(Template!$L:$L,$A11))<>"",TRUE())),NOW(),"")) | R11: =IF(OR(R11="",R11=0),IF(IFERROR(""&TRIM(INDEX(Template!$H:$H,$A11)),"#FEHLER")<>"",IFERROR(""&TRIM(INDEX(Template!$H:$H,$A11)),"#FEHLER"),""),R11) -> #VALUE! | S11: =IF(IFERROR(LEFT(S11,FIND(" | ",S11)-1),"«")=IFERROR(""&TRIM(INDEX(Template!$H:$H,$A11)),"#FEHLER"),S11,IFERROR(""&TRIM(INDEX(Template!$H:$H,$A11)),"#FEHLER")&" | "&TEXT(NOW(),"DD.MM.YYYY hh:mm:ss")) -> | 04.09.2026 11:18:56 | T11: =IFERROR(""&TRIM(INDEX(Template!$H:$H,$A11)),"#FEHLER") | U11: =IF(OR(U11="",U11=0),IF(IFERROR(""&TRIM(INDEX(Template!$I:$I,$A11)),"#FEHLER")<>"",IFERROR(""&TRIM(INDEX(Template!$I:$I,$A11)),"#FEHLER"),""),U11) -> #VALUE! | V11: =IF(IFERROR(LEFT(V11,FIND(" | ",V11)-1),"«")=IFERROR(""&TRIM(INDEX(Template!$I:$I,$A11)),"#FEHLER"),V11,IFERROR(""&TRIM(INDEX(Template!$I:$I,$A11)),"#FEHLER")&" | "&TEXT(NOW(),"DD.MM.YYYY hh:mm:ss")) -> | 04.09.2026 11:18:56 | W11: =IFERROR(""&TRIM(INDEX(Template!$I:$I,$A11)),"#FEHLER") | X11: =IF(OR(X11="",X11=0),IF(IFERROR(""&TRIM(INDEX(Template!$J:$J,$A11)),"#FEHLER")<>"",IFERROR(""&TRIM(INDEX(Template!$J:$J,$A11)),"#FEHLER"),""),X11) -> #VALUE! | Y11: =IF(IFERROR(LEFT(Y11,FIND(" | ",Y11)-1),"«")=IFERROR(""&TRIM(INDEX(Template!$J:$J,$A11)),"#FEHLER"),Y11,IFERROR(""&TRIM(INDEX(Template!$J:$J,$A11)),"#FEHLER")&" | "&TEXT(NOW(),"DD.MM.YYYY hh:mm:ss")) -> | 04.09.2026 11:18:56 | Z11: =IFERROR(""&TRIM(INDEX(Template!$J:$J,$A11)),"#FEHLER") | AA11: =IF(OR(AA11="",AA11=0),IF(IFERROR(""&TRIM(INDEX(Template!$K:$K,$A11)),"#FEHLER")<>"",IFERROR(""&TRIM(INDEX(Template!$K:$K,$A11)),"#FEHLER"),""),AA11) -> #VALUE! | AB11: =IF(IFERROR(LEFT(AB11,FIND(" | ",AB11)-1),"«")=IFERROR(""&TRIM(INDEX(Template!$K:$K,$A11)),"#FEHLER"),AB11,IFERROR(""&TRIM(INDEX(Template!$K:$K,$A11)),"#FEHLER")&" | "&TEXT(NOW(),"DD.MM.YYYY hh:mm:ss")) -> | 04.09.2026 11:18:56 | AC11: =IFERROR(""&TRIM(INDEX(Template!$K:$K,$A11)),"#FEHLER") | AD11: =IF(OR(AD11="",AD11=0),IF(IFERROR(""&TRIM(INDEX(Template!$L:$L,$A11)),"#FEHLER")<>"",IFERROR(""&TRIM(INDEX(Template!$L:$L,$A11)),"#FEHLER"),""),AD11) -> #VALUE! | AE11: =IF(IFERROR(LEFT(AE11,FIND(" | ",AE11)-1),"«")=IFERROR(""&TRIM(INDEX(Template!$L:$L,$A11)),"#FEHLER"),AE11,IFERROR(""&TRIM(INDEX(Template!$L:$L,$A11)),"#FEHLER")&" | "&TEXT(NOW(),"DD.MM.YYYY hh:mm:ss")) -> | 04.09.2026 11:18:56 | AF11: =IFERROR(""&TRIM(INDEX(Template!$L:$L,$A11)),"#FEHLER")
A12: 12 | B12: =Template!A12 -> 0 | C12: =IF(IFERROR(N(C12),0)>0,C12,IF(IFERROR(TRIM(INDEX(Template!$H:$H,$A12))<>"",TRUE()),NOW(),"")) | D12: =IF(IFERROR(N(D12),0)>0,D12,IF(IFERROR(TRIM(INDEX(Template!$I:$I,$A12))<>"",TRUE()),NOW(),"")) | E12: =IF(IFERROR(N(E12),0)>0,E12,IF(IFERROR(TRIM(INDEX(Template!$J:$J,$A12))<>"",TRUE()),NOW(),"")) | F12: =IF(IFERROR(N(F12),0)>0,F12,IF(IFERROR(TRIM(INDEX(Template!$K:$K,$A12))<>"",TRUE()),NOW(),"")) | G12: =IF(IFERROR(N(G12),0)>0,G12,IF(IFERROR(TRIM(INDEX(Template!$L:$L,$A12))<>"",TRUE()),NOW(),"")) | H12: =IF(IFERROR(N(H12),0)>0,H12,IF(AND(IFERROR(N(C12),0)>0,IFERROR(TRIM(INDEX(Template!$H:$H,$A12))="",FALSE())),NOW(),"")) | I12: =IF(IFERROR(N(I12),0)>0,I12,IF(AND(IFERROR(N(D12),0)>0,IFERROR(TRIM(INDEX(Template!$I:$I,$A12))="",FALSE())),NOW(),"")) | J12: =IF(IFERROR(N(J12),0)>0,J12,IF(AND(IFERROR(N(E12),0)>0,IFERROR(TRIM(INDEX(Template!$J:$J,$A12))="",FALSE())),NOW(),"")) | K12: =IF(IFERROR(N(K12),0)>0,K12,IF(AND(IFERROR(N(F12),0)>0,IFERROR(TRIM(INDEX(Template!$K:$K,$A12))="",FALSE())),NOW(),"")) | L12: =IF(IFERROR(N(L12),0)>0,L12,IF(AND(IFERROR(N(G12),0)>0,IFERROR(TRIM(INDEX(Template!$L:$L,$A12))="",FALSE())),NOW(),"")) | M12: =IF(IFERROR(N(M12),0)>0,M12,IF(AND(IFERROR(N(H12),0)>0,IFERROR(TRIM(INDEX(Template!$H:$H,$A12))<>"",TRUE())),NOW(),"")) | N12: =IF(IFERROR(N(N12),0)>0,N12,IF(AND(IFERROR(N(I12),0)>0,IFERROR(TRIM(INDEX(Template!$I:$I,$A12))<>"",TRUE())),NOW(),"")) | O12: =IF(IFERROR(N(O12),0)>0,O12,IF(AND(IFERROR(N(J12),0)>0,IFERROR(TRIM(INDEX(Template!$J:$J,$A12))<>"",TRUE())),NOW(),"")) | P12: =IF(IFERROR(N(P12),0)>0,P12,IF(AND(IFERROR(N(K12),0)>0,IFERROR(TRIM(INDEX(Template!$K:$K,$A12))<>"",TRUE())),NOW(),"")) | Q12: =IF(IFERROR(N(Q12),0)>0,Q12,IF(AND(IFERROR(N(L12),0)>0,IFERROR(TRIM(INDEX(Template!$L:$L,$A12))<>"",TRUE())),NOW(),"")) | R12: =IF(OR(R12="",R12=0),IF(IFERROR(""&TRIM(INDEX(Template!$H:$H,$A12)),"#FEHLER")<>"",IFERROR(""&TRIM(INDEX(Template!$H:$H,$A12)),"#FEHLER"),""),R12) -> #VALUE! | S12: =IF(IFERROR(LEFT(S12,FIND(" | ",S12)-1),"«")=IFERROR(""&TRIM(INDEX(Template!$H:$H,$A12)),"#FEHLER"),S12,IFERROR(""&TRIM(INDEX(Template!$H:$H,$A12)),"#FEHLER")&" | "&TEXT(NOW(),"DD.MM.YYYY hh:mm:ss")) -> | 04.09.2026 11:18:56 | T12: =IFERROR(""&TRIM(INDEX(Template!$H:$H,$A12)),"#FEHLER") | U12: =IF(OR(U12="",U12=0),IF(IFERROR(""&TRIM(INDEX(Template!$I:$I,$A12)),"#FEHLER")<>"",IFERROR(""&TRIM(INDEX(Template!$I:$I,$A12)),"#FEHLER"),""),U12) -> #VALUE! | V12: =IF(IFERROR(LEFT(V12,FIND(" | ",V12)-1),"«")=IFERROR(""&TRIM(INDEX(Template!$I:$I,$A12)),"#FEHLER"),V12,IFERROR(""&TRIM(INDEX(Template!$I:$I,$A12)),"#FEHLER")&" | "&TEXT(NOW(),"DD.MM.YYYY hh:mm:ss")) -> | 04.09.2026 11:18:56 | W12: =IFERROR(""&TRIM(INDEX(Template!$I:$I,$A12)),"#FEHLER") | X12: =IF(OR(X12="",X12=0),IF(IFERROR(""&TRIM(INDEX(Template!$J:$J,$A12)),"#FEHLER")<>"",IFERROR(""&TRIM(INDEX(Template!$J:$J,$A12)),"#FEHLER"),""),X12) -> #VALUE! | Y12: =IF(IFERROR(LEFT(Y12,FIND(" | ",Y12)-1),"«")=IFERROR(""&TRIM(INDEX(Template!$J:$J,$A12)),"#FEHLER"),Y12,IFERROR(""&TRIM(INDEX(Template!$J:$J,$A12)),"#FEHLER")&" | "&TEXT(NOW(),"DD.MM.YYYY hh:mm:ss")) -> | 04.09.2026 11:18:56 | Z12: =IFERROR(""&TRIM(INDEX(Template!$J:$J,$A12)),"#FEHLER") | AA12: =IF(OR(AA12="",AA12=0),IF(IFERROR(""&TRIM(INDEX(Template!$K:$K,$A12)),"#FEHLER")<>"",IFERROR(""&TRIM(INDEX(Template!$K:$K,$A12)),"#FEHLER"),""),AA12) -> #VALUE! | AB12: =IF(IFERROR(LEFT(AB12,FIND(" | ",AB12)-1),"«")=IFERROR(""&TRIM(INDEX(Template!$K:$K,$A12)),"#FEHLER"),AB12,IFERROR(""&TRIM(INDEX(Template!$K:$K,$A12)),"#FEHLER")&" | "&TEXT(NOW(),"DD.MM.YYYY hh:mm:ss")) -> | 04.09.2026 11:18:56 | AC12: =IFERROR(""&TRIM(INDEX(Template!$K:$K,$A12)),"#FEHLER") | AD12: =IF(OR(AD12="",AD12=0),IF(IFERROR(""&TRIM(INDEX(Template!$L:$L,$A12)),"#FEHLER")<>"",IFERROR(""&TRIM(INDEX(Template!$L:$L,$A12)),"#FEHLER"),""),AD12) -> #VALUE! | AE12: =IF(IFERROR(LEFT(AE12,FIND(" | ",AE12)-1),"«")=IFERROR(""&TRIM(INDEX(Template!$L:$L,$A12)),"#FEHLER"),AE12,IFERROR(""&TRIM(INDEX(Template!$L:$L,$A12)),"#FEHLER")&" | "&TEXT(NOW(),"DD.MM.YYYY hh:mm:ss")) -> | 04.09.2026 11:18:56 | AF12: =IFERROR(""&TRIM(INDEX(Template!$L:$L,$A12)),"#FEHLER")
A13: 13 | B13: =Template!A13 -> 0 | C13: =IF(IFERROR(N(C13),0)>0,C13,IF(IFERROR(TRIM(INDEX(Template!$H:$H,$A13))<>"",TRUE()),NOW(),"")) | D13: =IF(IFERROR(N(D13),0)>0,D13,IF(IFERROR(TRIM(INDEX(Template!$I:$I,$A13))<>"",TRUE()),NOW(),"")) | E13: =IF(IFERROR(N(E13),0)>0,E13,IF(IFERROR(TRIM(INDEX(Template!$J:$J,$A13))<>"",TRUE()),NOW(),"")) | F13: =IF(IFERROR(N(F13),0)>0,F13,IF(IFERROR(TRIM(INDEX(Template!$K:$K,$A13))<>"",TRUE()),NOW(),"")) | G13: =IF(IFERROR(N(G13),0)>0,G13,IF(IFERROR(TRIM(INDEX(Template!$L:$L,$A13))<>"",TRUE()),NOW(),"")) | H13: =IF(IFERROR(N(H13),0)>0,H13,IF(AND(IFERROR(N(C13),0)>0,IFERROR(TRIM(INDEX(Template!$H:$H,$A13))="",FALSE())),NOW(),"")) | I13: =IF(IFERROR(N(I13),0)>0,I13,IF(AND(IFERROR(N(D13),0)>0,IFERROR(TRIM(INDEX(Template!$I:$I,$A13))="",FALSE())),NOW(),"")) | J13: =IF(IFERROR(N(J13),0)>0,J13,IF(AND(IFERROR(N(E13),0)>0,IFERROR(TRIM(INDEX(Template!$J:$J,$A13))="",FALSE())),NOW(),"")) | K13: =IF(IFERROR(N(K13),0)>0,K13,IF(AND(IFERROR(N(F13),0)>0,IFERROR(TRIM(INDEX(Template!$K:$K,$A13))="",FALSE())),NOW(),"")) | L13: =IF(IFERROR(N(L13),0)>0,L13,IF(AND(IFERROR(N(G13),0)>0,IFERROR(TRIM(INDEX(Template!$L:$L,$A13))="",FALSE())),NOW(),"")) | M13: =IF(IFERROR(N(M13),0)>0,M13,IF(AND(IFERROR(N(H13),0)>0,IFERROR(TRIM(INDEX(Template!$H:$H,$A13))<>"",TRUE())),NOW(),"")) | N13: =IF(IFERROR(N(N13),0)>0,N13,IF(AND(IFERROR(N(I13),0)>0,IFERROR(TRIM(INDEX(Template!$I:$I,$A13))<>"",TRUE())),NOW(),"")) | O13: =IF(IFERROR(N(O13),0)>0,O13,IF(AND(IFERROR(N(J13),0)>0,IFERROR(TRIM(INDEX(Template!$J:$J,$A13))<>"",TRUE())),NOW(),"")) | P13: =IF(IFERROR(N(P13),0)>0,P13,IF(AND(IFERROR(N(K13),0)>0,IFERROR(TRIM(INDEX(Template!$K:$K,$A13))<>"",TRUE())),NOW(),"")) | Q13: =IF(IFERROR(N(Q13),0)>0,Q13,IF(AND(IFERROR(N(L13),0)>0,IFERROR(TRIM(INDEX(Template!$L:$L,$A13))<>"",TRUE())),NOW(),"")) | R13: =IF(OR(R13="",R13=0),IF(IFERROR(""&TRIM(INDEX(Template!$H:$H,$A13)),"#FEHLER")<>"",IFERROR(""&TRIM(INDEX(Template!$H:$H,$A13)),"#FEHLER"),""),R13) -> #VALUE! | S13: =IF(IFERROR(LEFT(S13,FIND(" | ",S13)-1),"«")=IFERROR(""&TRIM(INDEX(Template!$H:$H,$A13)),"#FEHLER"),S13,IFERROR(""&TRIM(INDEX(Template!$H:$H,$A13)),"#FEHLER")&" | "&TEXT(NOW(),"DD.MM.YYYY hh:mm:ss")) -> | 04.09.2026 11:18:56 | T13: =IFERROR(""&TRIM(INDEX(Template!$H:$H,$A13)),"#FEHLER") | U13: =IF(OR(U13="",U13=0),IF(IFERROR(""&TRIM(INDEX(Template!$I:$I,$A13)),"#FEHLER")<>"",IFERROR(""&TRIM(INDEX(Template!$I:$I,$A13)),"#FEHLER"),""),U13) -> #VALUE! | V13: =IF(IFERROR(LEFT(V13,FIND(" | ",V13)-1),"«")=IFERROR(""&TRIM(INDEX(Template!$I:$I,$A13)),"#FEHLER"),V13,IFERROR(""&TRIM(INDEX(Template!$I:$I,$A13)),"#FEHLER")&" | "&TEXT(NOW(),"DD.MM.YYYY hh:mm:ss")) -> | 04.09.2026 11:18:56 | W13: =IFERROR(""&TRIM(INDEX(Template!$I:$I,$A13)),"#FEHLER") | X13: =IF(OR(X13="",X13=0),IF(IFERROR(""&TRIM(INDEX(Template!$J:$J,$A13)),"#FEHLER")<>"",IFERROR(""&TRIM(INDEX(Template!$J:$J,$A13)),"#FEHLER"),""),X13) -> #VALUE! | Y13: =IF(IFERROR(LEFT(Y13,FIND(" | ",Y13)-1),"«")=IFERROR(""&TRIM(INDEX(Template!$J:$J,$A13)),"#FEHLER"),Y13,IFERROR(""&TRIM(INDEX(Template!$J:$J,$A13)),"#FEHLER")&" | "&TEXT(NOW(),"DD.MM.YYYY hh:mm:ss")) -> | 04.09.2026 11:18:56 | Z13: =IFERROR(""&TRIM(INDEX(Template!$J:$J,$A13)),"#FEHLER") | AA13: =IF(OR(AA13="",AA13=0),IF(IFERROR(""&TRIM(INDEX(Template!$K:$K,$A13)),"#FEHLER")<>"",IFERROR(""&TRIM(INDEX(Template!$K:$K,$A13)),"#FEHLER"),""),AA13) -> #VALUE! | AB13: =IF(IFERROR(LEFT(AB13,FIND(" | ",AB13)-1),"«")=IFERROR(""&TRIM(INDEX(Template!$K:$K,$A13)),"#FEHLER"),AB13,IFERROR(""&TRIM(INDEX(Template!$K:$K,$A13)),"#FEHLER")&" | "&TEXT(NOW(),"DD.MM.YYYY hh:mm:ss")) -> | 04.09.2026 11:18:56 | AC13: =IFERROR(""&TRIM(INDEX(Template!$K:$K,$A13)),"#FEHLER") | AD13: =IF(OR(AD13="",AD13=0),IF(IFERROR(""&TRIM(INDEX(Template!$L:$L,$A13)),"#FEHLER")<>"",IFERROR(""&TRIM(INDEX(Template!$L:$L,$A13)),"#FEHLER"),""),AD13) -> #VALUE! | AE13: =IF(IFERROR(LEFT(AE13,FIND(" | ",AE13)-1),"«")=IFERROR(""&TRIM(INDEX(Template!$L:$L,$A13)),"#FEHLER"),AE13,IFERROR(""&TRIM(INDEX(Template!$L:$L,$A13)),"#FEHLER")&" | "&TEXT(NOW(),"DD.MM.YYYY hh:mm:ss")) -> | 04.09.2026 11:18:56 | AF13: =IFERROR(""&TRIM(INDEX(Template!$L:$L,$A13)),"#FEHLER")
... A71: 71 | B71: =Template!A71 -> 0 | C71: =IF(IFERROR(N(C71),0)>0,C71,IF(IFERROR(TRIM(INDEX(Template!$H:$H,$A71))<>"",TRUE()),NOW(),"")) | D71: =IF(IFERROR(N(D71),0)>0,D71,IF(IFERROR(TRIM(INDEX(Template!$I:$I,$A71))<>"",TRUE()),NOW(),"")) | E71: =IF(IFERROR(N(E71),0)>0,E71,IF(IFERROR(TRIM(INDEX(Template!$J:$J,$A71))<>"",TRUE()),NOW(),"")) | F71: =IF(IFERROR(N(F71),0)>0,F71,IF(IFERROR(TRIM(INDEX(Template!$K:$K,$A71))<>"",TRUE()),NOW(),"")) | G71: =IF(IFERROR(N(G71),0)>0,G71,IF(IFERROR(TRIM(INDEX(Template!$L:$L,$A71))<>"",TRUE()),NOW(),"")) | H71: =IF(IFERROR(N(H71),0)>0,H71,IF(AND(IFERROR(N(C71),0)>0,IFERROR(TRIM(INDEX(Template!$H:$H,$A71))="",FALSE())),NOW(),"")) | I71: =IF(IFERROR(N(I71),0)>0,I71,IF(AND(IFERROR(N(D71),0)>0,IFERROR(TRIM(INDEX(Template!$I:$I,$A71))="",FALSE())),NOW(),"")) | J71: =IF(IFERROR(N(J71),0)>0,J71,IF(AND(IFERROR(N(E71),0)>0,IFERROR(TRIM(INDEX(Template!$J:$J,$A71))="",FALSE())),NOW(),"")) | K71: =IF(IFERROR(N(K71),0)>0,K71,IF(AND(IFERROR(N(F71),0)>0,IFERROR(TRIM(INDEX(Template!$K:$K,$A71))="",FALSE())),NOW(),"")) | L71: =IF(IFERROR(N(L71),0)>0,L71,IF(AND(IFERROR(N(G71),0)>0,IFERROR(TRIM(INDEX(Template!$L:$L,$A71))="",FALSE())),NOW(),"")) | M71: =IF(IFERROR(N(M71),0)>0,M71,IF(AND(IFERROR(N(H71),0)>0,IFERROR(TRIM(INDEX(Template!$H:$H,$A71))<>"",TRUE())),NOW(),"")) | N71: =IF(IFERROR(N(N71),0)>0,N71,IF(AND(IFERROR(N(I71),0)>0,IFERROR(TRIM(INDEX(Template!$I:$I,$A71))<>"",TRUE())),NOW(),"")) | O71: =IF(IFERROR(N(O71),0)>0,O71,IF(AND(IFERROR(N(J71),0)>0,IFERROR(TRIM(INDEX(Template!$J:$J,$A71))<>"",TRUE())),NOW(),"")) | P71: =IF(IFERROR(N(P71),0)>0,P71,IF(AND(IFERROR(N(K71),0)>0,IFERROR(TRIM(INDEX(Template!$K:$K,$A71))<>"",TRUE())),NOW(),"")) | Q71: =IF(IFERROR(N(Q71),0)>0,Q71,IF(AND(IFERROR(N(L71),0)>0,IFERROR(TRIM(INDEX(Template!$L:$L,$A71))<>"",TRUE())),NOW(),"")) | R71: =IF(OR(R71="",R71=0),IF(IFERROR(""&TRIM(INDEX(Template!$H:$H,$A71)),"#FEHLER")<>"",IFERROR(""&TRIM(INDEX(Template!$H:$H,$A71)),"#FEHLER"),""),R71) -> #VALUE! | S71: =IF(IFERROR(LEFT(S71,FIND(" | ",S71)-1),"«")=IFERROR(""&TRIM(INDEX(Template!$H:$H,$A71)),"#FEHLER"),S71,IFERROR(""&TRIM(INDEX(Template!$H:$H,$A71)),"#FEHLER")&" | "&TEXT(NOW(),"DD.MM.YYYY hh:mm:ss")) -> | 04.09.2026 11:18:56 | T71: =IFERROR(""&TRIM(INDEX(Template!$H:$H,$A71)),"#FEHLER") | U71: =IF(OR(U71="",U71=0),IF(IFERROR(""&TRIM(INDEX(Template!$I:$I,$A71)),"#FEHLER")<>"",IFERROR(""&TRIM(INDEX(Template!$I:$I,$A71)),"#FEHLER"),""),U71) -> #VALUE! | V71: =IF(IFERROR(LEFT(V71,FIND(" | ",V71)-1),"«")=IFERROR(""&TRIM(INDEX(Template!$I:$I,$A71)),"#FEHLER"),V71,IFERROR(""&TRIM(INDEX(Template!$I:$I,$A71)),"#FEHLER")&" | "&TEXT(NOW(),"DD.MM.YYYY hh:mm:ss")) -> | 04.09.2026 11:18:56 | W71: =IFERROR(""&TRIM(INDEX(Template!$I:$I,$A71)),"#FEHLER") | X71: =IF(OR(X71="",X71=0),IF(IFERROR(""&TRIM(INDEX(Template!$J:$J,$A71)),"#FEHLER")<>"",IFERROR(""&TRIM(INDEX(Template!$J:$J,$A71)),"#FEHLER"),""),X71) -> #VALUE! | Y71: =IF(IFERROR(LEFT(Y71,FIND(" | ",Y71)-1),"«")=IFERROR(""&TRIM(INDEX(Template!$J:$J,$A71)),"#FEHLER"),Y71,IFERROR(""&TRIM(INDEX(Template!$J:$J,$A71)),"#FEHLER")&" | "&TEXT(NOW(),"DD.MM.YYYY hh:mm:ss")) -> | 04.09.2026 11:18:56 | Z71: =IFERROR(""&TRIM(INDEX(Template!$J:$J,$A71)),"#FEHLER") | AA71: =IF(OR(AA71="",AA71=0),IF(IFERROR(""&TRIM(INDEX(Template!$K:$K,$A71)),"#FEHLER")<>"",IFERROR(""&TRIM(INDEX(Template!$K:$K,$A71)),"#FEHLER"),""),AA71) -> #VALUE! | AB71: =IF(IFERROR(LEFT(AB71,FIND(" | ",AB71)-1),"«")=IFERROR(""&TRIM(INDEX(Template!$K:$K,$A71)),"#FEHLER"),AB71,IFERROR(""&TRIM(INDEX(Template!$K:$K,$A71)),"#FEHLER")&" | "&TEXT(NOW(),"DD.MM.YYYY hh:mm:ss")) -> | 04.09.2026 11:18:56 | AC71: =IFERROR(""&TRIM(INDEX(Template!$K:$K,$A71)),"#FEHLER") | AD71: =IF(OR(AD71="",AD71=0),IF(IFERROR(""&TRIM(INDEX(Template!$L:$L,$A71)),"#FEHLER")<>"",IFERROR(""&TRIM(INDEX(Template!$L:$L,$A71)),"#FEHLER"),""),AD71) -> #VALUE! | AE71: =IF(IFERROR(LEFT(AE71,FIND(" | ",AE71)-1),"«")=IFERROR(""&TRIM(INDEX(Template!$L:$L,$A71)),"#FEHLER"),AE71,IFERROR(""&TRIM(INDEX(Template!$L:$L,$A71)),"#FEHLER")&" | "&TEXT(NOW(),"DD.MM.YYYY hh:mm:ss")) -> | 04.09.2026 11:18:56 | AF71: =IFERROR(""&TRIM(INDEX(Template!$L:$L,$A71)),"#FEHLER")

Sheet log_Testbericht
A1: Testbericht Logging-Tool (Blatt 'log') – 06.08.2026
A2: Nr | B2: Testfall | C2: Befund (vorher) | D2: Status / Maßnahme (nachher)
A3: 1 | B3: Eintrag setzen (z. B. Klasse wählen) | C3: TS1 wird korrekt gestempelt | D3: OK – unverändert übernommen
A4: 2 | B4: Feld leeren | C4: Geleert-Zeitstempel korrekt | D4: OK – unverändert übernommen
A5: 3 | B5: Wiedereintrag nach Leeren | C5: TS2 korrekt | D5: OK – unverändert übernommen
A6: 4 | B6: 3. und weitere Änderungszyklen | C6: NICHT erfasst – alle Änderungen nach TS2 unsichtbar | D6: BEHOBEN: Spalte 'Letzte Änd. (Wert | TS)' erfasst jede Änderung
A7: 5 | B7: Wert direkt überschreiben (ohne Leeren) | C7: KEIN Log-Eintrag – Änderung komplett unsichtbar (kritisch) | D7: BEHOBEN: 'Erster Wert' + 'Letzte Änd.' + 'Aktuell' je Feld (Spalten R–AF)
A8: 6 | B8: Fehlerwert in Quellzelle (z. B. #NV) | C8: Fehler schreibt sich dauerhaft ins Log, heilt nie | D8: BEHOBEN: IFERROR-Kapselung, Formeln heilen sich selbst
A9: 7 | B9: Zeile im Template löschen/einfügen | C9: Dauerhafte #BEZUG!-Fehler | D9: BEHOBEN: INDEX-Referenzen statt Direktbezug + Selbstheilung
A10: 8 | B10: Objekte ab Zeile 21 | C10: Gar nicht geloggt – nur Zeile 2–20 abgedeckt, Template geht bis 61 | D10: BEHOBEN: Log deckt jetzt Zeile 2–71 ab (70 Workshop-BGs)
A11: 9 | B11: Nur Leerzeichen eingeben | C11: Zählte als gültiger Eintrag | D11: BEHOBEN: TRIM – Leerzeichen gelten als leer
A12: 10 | B12: Zahl 0 als Eingabe | C12: Korrekt geloggt | D12: OK
A13: 11 | B13: Reparatur/Formeltausch auf gestempelter Zelle | C13: Original-Zeitstempel ging verloren | D13: HINWEIS: Formeln nicht manuell überschreiben
A14: 12 | B14: Voraussetzung: Iterative Berechnung | C14: Muss aktiviert sein (ist aktiv, max. 1 Iteration) | D14: HINWEIS: Nicht deaktivieren (Datei > Optionen > Formeln)
B15: Hinweise:
B16: • Basis-Zeitstempel der neuen Spalten R–AF = Zeitpunkt der Umstellung (06.08.2026 10:37).
B17: • D4 (TS1 Zweitwahl) wurde neu gestempelt – der Originalwert war durch #BEZUG! bereits zerstört.
B18: • Das Log erfasst Zeitpunkte pro Feld, keine Benutzer. Bei mehreren Bearbeitern ggf. Spalte 'Teilnehmer' im Template ergänzen.
